timestamp,value1
1339261200,3.4020448525e+07
1339261500,1.8406509015e+07
1339261800,1.3551101702e+07
1339262100,1.0942669565e+07
1339262400,8.9584420948e+06
1339262700,1.0100165465e+07
1339263000,2.1549379874e+07
1339263300,3.0421856094e+07
1339263600,2.3394808831e+07
1339263900,7.8574193516e+06
1339264200,5.5150012229e+06
1339264500,7.3971364064e+06
1339264800,4.5114329445e+06
1339265100,1.0900310348e+06
1339265400,4.7764890616e+06
1339265700,6.7174021960e+06
1339266000,1.1950794616e+07
1339266300,1.7155892673e+07
1339266600,1.1824689375e+07
1339266900,1.2864041432e+07
1339267200,2.0161527641e+07
1339267500,2.4434391174e+07
1339267800,9.5506885883e+06
1339268100,2.9978134032e+06
1339268400,6.0682155026e+06
1339268700,1.0095107419e+07
1339269000,1.0694283917e+07
1339269300,8.7802776443e+06
1339269600,4.9449064496e+06
1339269900,7.5943834897e+05
1339270200,3.3042847534e+06
1339270500,1.5304266236e+07
1339270800,1.8843216962e+07
1339271100,6.6386580719e+06
1339271400,1.1202729658e+07
1339271700,1.4372780345e+07
1339272000,9.4109532080e+06
1339272300,3.9483476340e+06
1339272600,8.9241232732e+06
1339272900,9.5052579236e+06
1339273200,5.2269111040e+06
1339273500,4.0720031804e+06
1339273800,5.7489779720e+06
1339274100,6.4156604387e+06
1339274400,3.8954565079e+06
1339274700,3.8362221423e+06
1339275000,4.0532033353e+06
1339275300,6.7080360131e+06
1339275600,2.0712916682e+07
1339275900,3.0266519963e+07
1339276200,2.2878473099e+07
1339276500,1.7558551633e+07
1339276800,2.4201603138e+06
1339277100,3.6195132742e+06
1339277400,5.9096626658e+06
1339277700,5.3449486683e+06
1339278000,1.3007586292e+07
1339278300,1.2934819852e+07
1339278600,2.8545556819e+06
1339278900,6.0651259000e+05
1339279200,2.0627993394e+05
1339279500,4.2049136411e+06
1339279800,1.0662470967e+07
1339280100,7.1542166973e+06
1339280400,2.4718006008e+06
1339280700,5.5219586512e+06
1339281000,4.5153071734e+06
1339281300,4.1007969719e+06
1339281600,3.9806634433e+06
1339281900,4.0557790322e+06
1339282200,4.2690069303e+06
1339282500,4.1546425323e+06
1339282800,4.3006998212e+06
1339283100,4.8854929345e+06
1339283400,5.4403021900e+06
1339283700,4.4622076871e+06
1339284000,7.4908240953e+06
1339284300,1.4843424937e+07
1339284600,1.4289312277e+07
1339284900,4.0038702826e+06
1339285200,2.4786867126e+06
1339285500,6.3488406811e+06
1339285800,1.4421274695e+07
1339286100,1.8143083979e+07
1339286400,4.3772044571e+06
1339286700,1.2590829739e+07
1339287000,2.8597316139e+07
1339287300,2.0463854028e+07
1339287600,1.2409862136e+07
1339287900,7.1744050044e+06
1339288200,1.0713913137e+07
1339288500,1.0608437819e+07
1339288800,8.4618733780e+06
1339289100,1.8500967004e+07
1339289400,2.1155715748e+07
1339289700,1.7401012645e+07
1339290000,2.0347197179e+07
1339290300,4.0046342821e+06
1339290600,2.5962572600e+06
1339290900,3.2108034751e+07
1339291200,9.1124584013e+07
1339291500,6.9564895696e+07
1339291800,7.5614405068e+06
1339292100,7.0460979435e+06
1339292400,5.1853799941e+06
1339292700,5.5616977235e+06
1339293000,5.6018234369e+06
1339293300,5.5432542158e+06
1339293600,5.6649969312e+06
1339293900,6.6492295762e+06
1339294200,1.5856795949e+07
1339294500,2.1099572105e+07
1339294800,3.5177237981e+06
1339295100,5.8085258689e+05
1339295400,3.9363572833e+06
1339295700,1.0048815809e+07
1339296000,1.0588348545e+07
1339296300,1.3088707499e+07
1339296600,1.4077256827e+07
1339296900,1.4189796809e+07
1339297200,1.6303687960e+07
1339297500,1.3369180611e+07
1339297800,6.5904407999e+06
1339298100,6.4737646100e+06
1339298400,6.2915338972e+06
1339298700,3.5412503953e+06
1339299000,2.9048776645e+05
1339299300,2.4217918002e+05
1339299600,5.3174600235e+06
1339299900,9.7233011750e+06
1339300200,4.2304402744e+06
1339300500,9.3065226943e+06
1339300800,7.7882155573e+06
1339301100,8.5284954056e+06
1339301400,1.9773513711e+07
1339301700,1.3915486874e+07
1339302000,9.5176222383e+06
1339302300,1.7748325622e+07
1339302600,1.7649690116e+07
1339302900,1.6720976482e+07
1339303200,8.2255725941e+06
1339303500,2.2628841308e+06
1339303800,5.1474472868e+06
1339304100,9.8683092792e+06
1339304400,2.4005837564e+07
1339304700,3.9648719912e+07
1339305000,2.1685737752e+07
1339305300,5.2946004559e+06
1339305600,7.1051782345e+06
1339305900,1.1130041491e+07
1339306200,7.2029123922e+06
1339306500,9.1873968827e+06
1339306800,1.2325743048e+06
1339307100,2.7256108542e+06
1339307400,5.3444775443e+06
1339307700,9.8559978263e+06
1339308000,8.6372785435e+06
1339308300,1.0060684703e+07
1339308600,1.1866010326e+07
1339308900,8.0852359141e+06
1339309200,1.4272473369e+07
1339309500,1.4310848870e+07
1339309800,7.2269750903e+06
1339310100,1.0407998219e+06
1339310400,3.6154275537e+06
1339310700,1.1048070356e+07
1339311000,1.0916637969e+07
1339311300,2.9500347369e+06
1339311600,1.0185691123e+06
1339311900,2.6082726212e+06
1339312200,2.3530020603e+06
1339312500,6.5786473298e+05
1339312800,5.1802837182e+06
1339313100,1.0677799771e+07
1339313400,8.9007067707e+06
1339313700,4.6597155227e+06
1339314000,5.0540837516e+05
1339314300,1.9343914239e+06
1339314600,9.8929110417e+06
1339314900,1.6312293752e+07
1339315200,7.2446532838e+06
1339315500,1.4057580398e+06
1339315800,2.6708137405e+06
1339316100,6.3060818431e+06
1339316400,7.9208993078e+06
1339316700,2.4794063089e+06
1339317000,7.5999186127e+06
1339317300,1.4188545352e+07
1339317600,1.4667847685e+07
1339317900,1.4196180277e+07
1339318200,3.8097554914e+06
1339318500,2.0885176838e+06
1339318800,2.9847533795e+05
1339319100,2.8274810405e+05
1339319400,3.3553358834e+05
1339319700,9.9333684705e+06
1339320000,1.3842800753e+07
1339320300,1.7298907501e+05
1339320600,2.9938085471e+05
1339320900,3.2478035530e+06
1339321200,7.8291366984e+06
1339321500,2.2027610214e+06
1339321800,1.6524299602e+05
1339322100,1.6969782075e+05
1339322400,1.7915901887e+05
1339322700,3.0667075525e+05
1339323000,3.6963303579e+06
1339323300,6.5150978083e+06
1339323600,5.6884086527e+06
1339323900,6.4611633764e+06
1339324200,1.1261328574e+06
1339324500,1.7236822120e+05
1339324800,1.7872387698e+05
1339325100,1.8728542417e+05
1339325400,1.6881220453e+05
1339325700,2.9736101957e+05
1339326000,4.7264629328e+05
1339326300,4.6816454219e+06
1339326600,6.4456538730e+06
1339326900,1.8168493352e+05
1339327200,1.8506949636e+05
1339327500,2.0133661019e+05
1339327800,3.3307929327e+05
1339328100,5.7360373432e+05
1339328400,8.6745144207e+06
1339328700,1.2346445727e+07
1339329000,5.1263851779e+06
1339329300,6.1734467387e+06
1339329600,2.5704963660e+07
1339329900,4.5500230212e+07
1339330200,2.1621198932e+07
1339330500,8.0999160210e+06
1339330800,1.3221810881e+06
1339331100,3.3611993570e+06
1339331400,1.0481035954e+07
1339331700,1.3883648544e+07
1339332000,1.1194512801e+07
1339332300,5.9739266848e+06
1339332600,5.5492505684e+06
1339332900,4.6506360079e+06
1339333200,2.3795257618e+06
1339333500,1.0720168075e+07
1339333800,1.4387157271e+07
1339334100,2.7570285710e+06
1339334400,2.9921510917e+06
1339334700,7.2656072495e+06
1339335000,2.7135899145e+06
1339335300,7.1046017811e+06
1339335600,1.0445762215e+07
1339335900,1.0598687831e+07
1339336200,1.3715832882e+07
1339336500,2.1042801194e+05
1339336800,1.6850773061e+05
1339337100,2.9773469294e+06
1339337400,8.1481732018e+06
1339337700,5.7097707732e+06
1339338000,5.3796005939e+06
1339338300,1.7129789942e+07
1339338600,1.7822296087e+07
1339338900,6.4828120871e+06
1339339200,1.0276802144e+07
1339339500,7.2325953914e+06
1339339800,9.3712844224e+06
1339340100,9.0497486752e+06
1339340400,2.0123405987e+06
1339340700,1.0378067339e+07
1339341000,1.8355282361e+07
1339341300,1.0625254513e+07
1339341600,5.1171362694e+06
1339341900,6.7132943041e+06
1339342200,2.4875757022e+05
1339342500,2.4907998581e+06
1339342800,6.0790457513e+06
1339343100,3.8531380413e+06
1339343400,8.0215160778e+05
1339343700,1.3575343725e+06
1339344000,5.1804719536e+06
1339344300,7.2936963856e+06
1339344600,1.5910688564e+06
1339344900,5.8171598582e+06
1339345200,5.8392535733e+06
1339345500,1.9543770685e+05
1339345800,2.1854529278e+05
1339346100,2.5882498190e+05
1339346400,2.8503836069e+05
1339346700,3.3195823078e+06
1339347000,4.8057521769e+06
1339347300,7.7387558520e+05
1339347600,1.0033980861e+06
1339347900,2.5793934439e+06
1339348200,7.1581196989e+06
1339348500,1.8266312385e+07
1339348800,2.0828604858e+07
1339349100,8.9082024528e+06
1339349400,4.4630760063e+06
1339349700,4.9250692085e+06
1339350000,7.5490833440e+06
1339350300,2.0508989207e+06
1339350600,1.2002179016e+06
1339350900,8.7413902256e+05
1339351200,5.1719590692e+06
1339351500,1.1846341478e+07
1339351800,7.7551845636e+06
1339352100,6.0957543324e+06
1339352400,2.4623216801e+07
1339352700,3.7858987949e+07
1339353000,3.0459008262e+07
1339353300,1.8861713814e+07
1339353600,1.8040652661e+07
1339353900,1.8871745577e+07
1339354200,2.1785023389e+06
1339354500,4.1365615587e+06
1339354800,1.0383950946e+07
1339355100,9.0594261171e+06
1339355400,3.2976953644e+06
1339355700,5.1610124606e+06
1339356000,6.7786960459e+06
1339356300,1.6896791205e+06
1339356600,4.1968078370e+06
1339356900,7.2876711004e+06
1339357200,8.6044215486e+06
1339357500,1.8152188451e+07
1339357800,3.1607931397e+07
1339358100,3.8869916874e+07
1339358400,5.5870694332e+07
1339358700,6.1737553367e+07
1339359000,5.1845202231e+07
1339359300,3.4776156590e+07
1339359600,3.0966612115e+07
1339359900,2.1104678052e+07
1339360200,1.1328671525e+07
1339360500,7.9024914303e+06
1339360800,5.8132995169e+06
1339361100,9.7189707401e+06
1339361400,4.9262874553e+06
1339361700,4.6438712473e+06
1339362000,8.9723579084e+06
1339362300,4.4327887175e+06
1339362600,1.2223521399e+06
1339362900,1.5888853093e+07
1339363200,3.4831603539e+07
1339363500,2.2692753840e+07
1339363800,2.7467069862e+06
1339364100,1.9916074767e+06
1339364400,6.0708566153e+06
1339364700,1.1527485896e+07
1339365000,1.3626395599e+07
1339365300,8.3843601187e+06
1339365600,3.8640257913e+06
1339365900,3.7415772506e+06
1339366200,8.5780834942e+05
1339366500,5.4830699635e+06
1339366800,1.0446291811e+07
1339367100,5.3602010491e+06
1339367400,6.7818969547e+06
1339367700,9.3128264400e+06
1339368000,1.0141666896e+07
1339368300,1.5219439104e+07
1339368600,5.1754225607e+06
1339368900,1.1557396619e+07
1339369200,3.5598097814e+07
1339369500,5.7151767565e+07
1339369800,5.5402874871e+07
1339370100,5.0185691867e+07
1339370400,3.9260903318e+07
1339370700,1.0484683907e+07
1339371000,2.8602377813e+06
1339371300,6.7698920049e+05
1339371600,5.6118412895e+06
1339371900,8.9095352011e+06
1339372200,7.3527340186e+06
1339372500,1.1079845356e+07
1339372800,8.1215894125e+06
1339373100,9.4041093131e+06
1339373400,1.1013026326e+07
1339373700,1.5799412468e+07
1339374000,1.4258384963e+07
1339374300,6.4812625984e+06
1339374600,1.0484352116e+07
1339374900,7.0757361230e+06
1339375200,2.3905603389e+06
1339375500,1.3407611018e+06
1339375800,2.1227146960e+06
1339376100,2.3356529535e+05
1339376400,2.2358760643e+05
1339376700,5.6629359850e+06
1339377000,2.0184076079e+07
1339377300,2.0208931982e+07
1339377600,1.2760758770e+07
1339377900,1.3093324229e+07
1339378200,1.3000572677e+06
1339378500,1.8829848203e+05
1339378800,1.6633638301e+05
1339379100,1.4590091980e+05
1339379400,1.4377433028e+07
1339379700,5.5826062300e+07
1339380000,8.6419686142e+07
1339380300,8.8754553000e+07
1339380600,8.6308128011e+07
1339380900,7.0872886402e+07
1339381200,2.9189646397e+07
1339381500,2.5755174551e+06
1339381800,5.8384643939e+06
1339382100,3.5531634030e+06
1339382400,4.3976834391e+05
1339382700,4.3423066320e+05
1339383000,1.5020226507e+06
1339383300,8.5156270775e+06
1339383600,1.8987726338e+07
1339383900,1.4465699396e+07
1339384200,2.1203277299e+06
1339384500,4.7339652508e+05
1339384800,3.4716632103e+05
1339385100,5.3009437104e+05
1339385400,2.1098606980e+06
1339385700,2.3580224940e+06
1339386000,1.9618448738e+06
1339386300,4.0157670237e+06
1339386600,2.2515019088e+06
1339386900,3.2583196035e+05
1339387200,3.4875202815e+05
1339387500,4.7407523373e+05
1339387800,4.9786364694e+05
1339388100,5.2159997558e+05
1339388400,6.5442088910e+05
1339388700,6.2721089881e+05
1339389000,8.7427125983e+06
1339389300,1.2077002151e+07
1339389600,6.6546948589e+05
1339389900,6.1955071040e+06
1339390200,8.2755556563e+06
1339390500,4.3161393905e+05
1339390800,2.3227094555e+05
1339391100,2.0856679428e+05
1339391400,2.1956015710e+05
1339391700,3.8122455229e+05
1339392000,4.1660970096e+05
1339392300,2.4054241392e+05
1339392600,2.4901773612e+05
1339392900,4.1678311345e+05
1339393200,6.2178009768e+06
1339393500,1.2807835384e+07
1339393800,6.7942473368e+06
1339394100,3.3183459575e+05
1339394400,3.2275169568e+05
1339394700,3.0738105978e+05
1339395000,3.1233713623e+05
1339395300,3.3093462235e+05
1339395600,2.7441666622e+05
1339395900,2.4146591830e+05
1339396200,1.3645686974e+05
1339396500,1.0867407551e+05
1339396800,2.5449183480e+05
1339397100,4.6927015218e+05
1339397400,8.6205231644e+04
1339397700,6.4326817494e+04
1339398000,,
1339398300,,
1339398600,,
1339398900,1.1111465696e+05
1339399200,5.7012709282e+04
1339399500,5.4027568331e+04
1339399800,5.8398373106e+04
1339400100,6.2779915932e+04
1339400400,8.1394791886e+04
1339400700,9.7548429262e+04
1339401000,6.0890229263e+04
1339401300,5.4596796753e+04
1339401600,6.8251508175e+04
1339401900,7.7327651376e+04
1339402200,1.5602292289e+07
1339402500,4.4141314167e+07
1339402800,5.3184225663e+07
1339403100,6.1417272731e+07
1339403400,7.6998083935e+07
1339403700,8.4707416193e+07
1339404000,8.0836837026e+07
1339404300,5.0745920514e+07
1339404600,1.6232601671e+07
1339404900,1.4290993665e+07
1339405200,8.2643638240e+06
1339405500,1.6203414707e+05
1339405800,6.8133341911e+04
1339406100,4.1502840567e+05
1339406400,9.2481150441e+05
1339406700,4.0213412694e+06
1339407000,8.5006871611e+06
1339407300,9.9127703075e+06
1339407600,8.6753353186e+06
1339407900,4.1680950724e+06
1339408200,3.2603100946e+06
1339408500,5.7813957626e+04
1339408800,1.0910354184e+05
1339409100,3.1212099480e+06
1339409400,5.3330748478e+06
1339409700,5.5613544164e+05
1339410000,5.4798835160e+06
1339410300,8.7284806575e+06
1339410600,1.2385572151e+06
1339410900,6.7041657211e+05
1339411200,7.6995119172e+06
1339411500,1.0136328134e+07
1339411800,1.2098220160e+05
1339412100,2.1441403608e+05
1339412400,2.1370311652e+05
1339412700,8.5400702602e+06
1339413000,1.3355826330e+07
1339413300,2.8863655547e+05
1339413600,1.1717340503e+07
1339413900,2.4401790741e+07
1339414200,1.6370774133e+07
1339414500,9.2942162260e+06
1339414800,5.7439252046e+06
1339415100,3.9858228520e+07
1339415400,6.0102159396e+07
1339415700,1.7575031249e+07
1339416000,1.4812784307e+07
1339416300,2.4919074905e+07
1339416600,1.1154372247e+07
1339416900,1.0959862020e+07
1339417200,2.0921401018e+07
1339417500,2.5773394749e+07
1339417800,3.3952491469e+07
1339418100,4.8310985671e+07
1339418400,7.7260723061e+07
1339418700,4.7519746791e+07
1339419000,5.2109141615e+07
1339419300,5.7078703077e+07
1339419600,5.1746977802e+07
1339419900,6.9051181370e+07
1339420200,7.5394604574e+07
1339420500,7.6738589977e+07
1339420800,7.4298204510e+07
1339421100,7.8972108684e+07
1339421400,8.0734745266e+07
1339421700,5.7026992064e+07
1339422000,6.0263814746e+07
1339422300,5.7392637882e+07
1339422600,6.9116641942e+07
1339422900,6.1166755967e+07
1339423200,3.8866287292e+07
1339423500,6.5581558998e+07
1339423800,6.3804083899e+07
1339424100,5.5987223092e+07
1339424400,7.0792073771e+07
1339424700,6.8224802482e+07
1339425000,6.3660110030e+07
1339425300,8.5516028784e+07
1339425600,9.1973884696e+07
1339425900,1.0484939636e+08
1339426200,8.5129292605e+07
1339426500,5.9561832639e+07
1339426800,6.6102115718e+07
1339427100,1.1687881151e+08
1339427400,1.4042332404e+08
1339427700,1.1206058564e+08
1339428000,8.3202297303e+07
1339428300,8.8696181088e+07
1339428600,8.7230531538e+07
1339428900,8.6029918869e+07
1339429200,9.7766887787e+07
1339429500,8.9235537923e+07
1339429800,8.1239207838e+07
1339430100,8.1629719237e+07
1339430400,7.0132944983e+07
1339430700,6.7929593014e+07
1339431000,6.7929593014e+07
1339431300,6.4160803781e+07
1339431600,5.9899719440e+07
1339431900,5.3512222471e+07
1339432200,5.8905685462e+07
1339432500,8.0638094557e+07
1339432800,8.5158243624e+07
1339433100,8.8895767455e+07
1339433400,5.6450059015e+07
1339433700,4.8294392807e+07
1339434000,3.9235936931e+07
1339434300,5.5161646252e+07
1339434600,1.0261852520e+08
1339434900,7.7031734172e+07
1339435200,3.6947248598e+07
1339435500,9.2084420548e+07
1339435800,1.7199782148e+08
1339436100,1.4494917248e+08
1339436400,9.2638212774e+07
1339436700,5.3310470478e+07
1339437000,5.0961533516e+07
1339437300,6.5363338036e+07
1339437600,6.4249856247e+07
1339437900,1.0105645765e+08
1339438200,1.3171460640e+08
1339438500,1.1900133423e+08
1339438800,9.2286843828e+07
1339439100,1.1349468042e+08
1339439400,1.1546569523e+08
1339439700,1.5323252768e+08
1339440000,1.8832939586e+08
1339440300,1.5166574440e+08
1339440600,1.4174869267e+08
1339440900,1.6002186436e+08
1339441200,1.4647783997e+08
1339441500,5.2752679212e+07
1339441800,5.9503727425e+07
1339442100,6.9652856401e+07
1339442400,7.9250852905e+07
1339442700,8.0492221055e+07
1339443000,9.5387384416e+07
1339443300,9.1335175291e+07
1339443600,1.0846056229e+08
1339443900,1.2003549096e+08
1339444200,7.6306008415e+07
1339444500,7.6546924906e+07
1339444800,1.2489159036e+08
1339445100,1.6111887078e+08
1339445400,1.1465584824e+08
1339445700,7.4903018765e+07
1339446000,5.8544496583e+07
1339446300,6.2617510428e+07
1339446600,6.4859157406e+07
1339446900,5.8928563414e+07
1339447200,4.2057415040e+07
1339447500,4.9524090278e+07
1339447800,6.7358020999e+07
1339448100,5.4762876356e+07
1339448400,5.8689424404e+07
1339448700,7.8202769646e+07
1339449000,6.8290449468e+07
1339449300,8.6019455335e+07
1339449600,8.5769353308e+07
1339449900,6.0503081521e+07
1339450200,5.5279726598e+07
1339450500,8.5508928663e+07
1339450800,6.5955275185e+07
1339451100,3.9540244665e+07
1339451400,4.8229516601e+07
1339451700,7.2870210671e+07
1339452000,6.5334972353e+07
1339452300,6.1431304945e+07
1339452600,5.4645218515e+07
1339452900,5.2067033283e+07
1339453200,5.4386988076e+07
1339453500,4.3740651124e+07
1339453800,4.4642835700e+07
1339454100,5.6351319944e+07
1339454400,8.6072943302e+07
1339454700,6.2078017938e+07
1339455000,2.6805392940e+07
1339455300,2.8493802743e+07
1339455600,2.6325220651e+07
1339455900,3.1210532502e+07
1339456200,3.5568552680e+07
1339456500,3.3079977466e+07
1339456800,3.5633043884e+07
1339457100,2.5444979301e+07
1339457400,2.7262802080e+07
1339457700,4.1737782006e+07
1339458000,5.8509122012e+07
1339458300,6.8954235171e+07
1339458600,4.2211448190e+07
1339458900,1.7384181494e+07
1339459200,1.7115769635e+07
1339459500,1.7286297736e+07
1339459800,3.5604707226e+07
1339460100,3.7048357910e+07
1339460400,3.8106535363e+06
1339460700,9.8922461289e+06
1339461000,1.4658672449e+07
1339461300,1.0251314464e+07
1339461600,1.1555784568e+07
1339461900,2.8210826548e+06
1339462200,2.7279687109e+07
1339462500,4.2756561707e+07
1339462800,3.7273202887e+06
1339463100,2.3656260933e+06
1339463400,4.2962685500e+06
1339463700,7.3270631850e+06
1339464000,1.5355111225e+07
1339464300,2.7607784335e+07
1339464600,1.3257358906e+06
1339464900,3.0780680175e+06
1339465200,1.2271234788e+06
1339465500,3.5500280919e+06
1339465800,1.0384256738e+07
1339466100,4.2484165163e+06
1339466400,2.1475455287e+07
1339466700,2.4699456835e+06
1339467000,2.4358041417e+06
1339467300,7.2213323610e+05
1339467600,1.9012669170e+06
1339467900,7.3044391814e+05
1339468200,4.7470510433e+06
1339468500,2.7074945674e+07
1339468800,1.5837118751e+07
1339469100,2.5753684662e+07
1339469400,1.9342717414e+06
1339469700,1.9587439884e+06
1339470000,2.3738467440e+06
1339470300,1.8756840959e+06
1339470600,2.0374423185e+07
1339470900,3.5191329497e+07
1339471200,8.9263321026e+06
1339471500,4.6428096566e+05
1339471800,3.5968927035e+05
1339472100,5.7638251101e+05
1339472400,5.3011841526e+05
1339472700,5.8623392827e+05
1339473000,2.8811053494e+06
1339473300,4.5229721544e+06
1339473600,5.9083552279e+05
1339473900,2.8092117804e+06
1339474200,4.7880876973e+06
1339474500,4.0335273262e+06
1339474800,5.1597115792e+06
1339475100,6.9097759953e+05
1339475400,7.0859737680e+06
1339475700,9.9669662088e+06
1339476000,1.4644963877e+06
1339476300,2.0124951120e+06
1339476600,1.1712301947e+06
1339476900,1.7276504206e+06
1339477200,5.2640609405e+05
1339477500,2.6568792890e+05
1339477800,1.3580495807e+06
1339478100,1.9676310162e+06
1339478400,2.6016667807e+05
1339478700,5.4616891260e+05
1339479000,5.0612317520e+05
1339479300,1.8436616343e+05
1339479600,1.4230866832e+06
1339479900,4.5757326338e+06
1339480200,8.2559254675e+06
1339480500,6.1847339517e+06
1339480800,3.1397410732e+06
1339481100,5.3243027858e+06
1339481400,3.7751133525e+06
1339481700,3.4785657161e+06
1339482000,1.8209098421e+06
1339482300,2.7478725528e+05
1339482600,1.7319657640e+05
1339482900,2.0877886203e+05
1339483200,3.2525617036e+05
1339483500,6.1869992314e+06
1339483800,9.2856926408e+06
1339484100,2.9001219893e+06
1339484400,2.6178182107e+06
1339484700,9.4838434963e+05
1339485000,4.9227604580e+06
1339485300,5.6233326603e+06
1339485600,6.8121170429e+04
1339485900,6.4572297577e+04
1339486200,7.0772721197e+04
1339486500,1.2856709456e+05
1339486800,1.0704443882e+06
1339487100,1.3994348361e+06
1339487400,7.7182555966e+04
1339487700,3.6740588731e+06
1339488000,6.3225982812e+06
1339488300,3.0599102618e+06
1339488600,2.2127365357e+06
1339488900,6.0782114794e+05
1339489200,5.8646763705e+05
1339489500,5.8054844992e+05
1339489800,5.8082431869e+05
1339490100,1.5089424524e+06
1339490400,1.9560766718e+06
1339490700,7.0089377190e+05
1339491000,6.2901043590e+05
1339491300,2.1954391356e+06
1339491600,3.6022866640e+06
1339491900,1.8544881890e+06
1339492200,7.5584539063e+05
1339492500,5.9603536207e+05
1339492800,5.9149606884e+05
1339493100,5.9212047650e+05
1339493400,1.7983553840e+06
1339493700,7.4362169403e+06
1339494000,8.3106258085e+06
1339494300,6.5839148662e+06
1339494600,1.1569618915e+07
1339494900,7.2314584286e+06
1339495200,7.9950840957e+06
1339495500,9.4763144631e+06
1339495800,1.7096095004e+06
1339496100,2.2089338437e+06
1339496400,3.3056364900e+06
1339496700,1.2053893742e+06
1339497000,1.6610819246e+06
1339497300,2.2464200241e+06
1339497600,3.7675307780e+06
1339497900,5.5933634388e+06
1339498200,1.1398186928e+06
1339498500,5.8640652870e+05
1339498800,5.8824439352e+05
1339499100,6.2575801034e+05
1339499400,6.6180135324e+05
1339499700,1.7175071672e+06
1339500000,2.2548150796e+06
1339500300,1.0663701559e+06
1339500600,6.3796081927e+06
1339500900,2.2473784405e+07
1338062400,5.5547154878e+06
1338064200,7.5699392956e+05
1338066000,4.2998075794e+06
1338067800,2.9431157151e+06
1338069600,3.3733261214e+06
1338071400,6.8726448813e+05
1338073200,9.6706605965e+05
1338075000,4.5813921173e+06
1338076800,5.3680765753e+06
1338078600,4.1845444007e+06
1338080400,2.2988019947e+06
1338082200,1.3785013804e+06
1338084000,2.6899691832e+06
1338085800,3.4884575677e+06
1338087600,3.2583692265e+06
1338089400,1.3463955911e+06
1338091200,1.2389332657e+06
1338093000,4.4802289860e+06
1338094800,3.4929870868e+06
1338096600,5.4679386021e+06
1338098400,2.9942398051e+06
1338100200,3.9760458515e+05
1338102000,3.0467204321e+05
1338103800,3.2045896699e+05
1338105600,6.3493163625e+05
1338107400,5.8864707493e+06
1338109200,2.4275874130e+06
1338111000,1.3614743099e+05
1338112800,2.0961345658e+05
1338114600,2.9138394915e+06
1338116400,1.5467406701e+05
1338118200,1.6832640408e+05
1338120000,2.2056901963e+05
1338121800,5.6595896764e+06
1338123600,2.1590690383e+06
1338125400,8.6583662771e+06
1338127200,6.4505108935e+06
1338129000,7.1953123226e+06
1338130800,6.3022278496e+06
1338132600,6.4746644050e+06
1338134400,4.5743321713e+07
1338136200,4.1699141320e+06
1338138000,3.0832874459e+06
1338139800,2.7356458545e+06
1338141600,1.5926156575e+07
1338143400,3.0267429635e+07
1338145200,2.5098677092e+07
1338147000,4.6064282489e+06
1338148800,1.3490062384e+07
1338150600,1.6614385588e+06
1338152400,3.3951665629e+06
1338154200,1.4318089468e+06
1338156000,3.5136674419e+06
1338157800,4.5552209390e+07
1338159600,1.4098444102e+06
1338161400,1.3921616309e+06
1338163200,1.1641657131e+06
1338165000,9.1554218432e+05
1338166800,4.2491574198e+06
1338168600,8.9686650344e+05
1338170400,9.4942806436e+05
1338172200,1.0644909449e+06
1338174000,1.6703170135e+07
1338175800,6.8901511150e+06
1338177600,4.1362250658e+06
1338179400,3.0077020969e+06
1338181200,5.3634259962e+06
1338183000,1.0279756942e+07
1338184800,8.8550322078e+05
1338186600,5.4544654763e+05
1338188400,9.6163032420e+06
1338190200,3.6280147404e+06
1338192000,1.6330712865e+05
1338193800,1.6201459071e+05
1338195600,1.4210165064e+06
1338197400,1.2757728202e+05
1338199200,8.5326632318e+04
1338201000,1.3996612947e+05
1338202800,1.5994110284e+05
1338204600,9.5691975786e+05
1338206400,2.3934046985e+06
1338208200,1.0875222838e+06
1338210000,1.2356368296e+05
1338211800,9.8084638959e+05
1338213600,3.1352984193e+05
1338215400,2.3271527531e+05
1338217200,1.4397751310e+06
1338219000,2.8631950354e+05
1338220800,7.5729221714e+05
1338222600,1.1487765487e+07
1338224400,2.0512237532e+06
1338226200,6.5559523986e+05
1338228000,1.3716530045e+06
1338229800,2.1162282862e+06
1338231600,2.5881992197e+05
1338233400,4.6894051659e+06
1338235200,1.3939999533e+07
1338237000,1.4851878044e+07
1338238800,1.3316320982e+07
1338240600,6.5677131087e+06
1338242400,2.0080835654e+07
1338244200,4.0896297982e+07
1338246000,3.3398597538e+07
1338247800,4.9439393521e+06
1338249600,1.4185668892e+06
1338251400,2.9741710565e+05
1338253200,4.3134176767e+06
1338255000,7.0371758115e+06
1338256800,7.6015528483e+06
1338258600,1.6704415110e+06
1338260400,8.1829478598e+05
1338262200,5.2426642037e+05
1338264000,2.2410326596e+05
1338265800,3.6428642703e+05
1338267600,1.3664729824e+05
1338269400,8.4563658405e+04
1338271200,9.9151613682e+04
1338273000,8.5673089264e+04
1338274800,8.6891018875e+04
1338276600,9.6968864103e+04
1338278400,9.0736380966e+04
1338280200,8.7949495965e+04
1338282000,9.9387334155e+04
1338283800,1.4264040247e+05
1338285600,3.5478484872e+06
1338287400,1.1338720640e+05
1338289200,2.2626122262e+06
1338291000,1.0979024715e+06
1338292800,1.7772424278e+06
1338294600,3.1790510257e+07
1338296400,1.5531678056e+08
1338298200,9.5297784230e+07
1338300000,1.1651265189e+08
1338301800,1.0923006080e+08
1338303600,8.8317144328e+07
1338305400,5.9894364134e+07
1338307200,8.3076451512e+07
1338309000,8.2510527009e+07
1338310800,9.3121348881e+07
1338312600,1.0277147600e+08
1338314400,1.1614150927e+08
1338316200,1.0663597981e+08
1338318000,1.0287675333e+08
1338319800,1.0116576978e+08
1338321600,1.0900355336e+08
1338323400,2.0137842971e+08
1338325200,1.4748632461e+08
1338327000,8.3606054536e+07
1338328800,1.5443186066e+08
1338330600,5.0951033559e+07
1338332400,2.5261427098e+07
1338334200,2.4544597920e+07
1338336000,4.1249096079e+07
1338337800,5.6742252013e+07
1338339600,1.6474850428e+07
1338341400,2.2823750075e+07
1338343200,3.7280162077e+07
1338345000,7.8428815633e+07
1338346800,5.5792400635e+07
1338348600,6.0183302612e+07
1338350400,7.6082516395e+07
1338352200,8.5692256126e+07
1338354000,7.5047501930e+07
1338355800,1.2991923727e+08
1338357600,1.5716535544e+08
1338359400,5.5887695556e+07
1338361200,2.2756214460e+07
1338363000,1.0497250081e+07
1338364800,1.1827427249e+07
1338366600,7.2692979369e+06
1338368400,2.1925880108e+07
1338370200,5.7744740826e+07
1338372000,7.8908702919e+06
1338373800,7.4141368333e+06
1338375600,1.9815768230e+07
1338377400,3.0926358002e+07
1338379200,3.7234177390e+07
1338381000,3.4317321883e+07
1338382800,7.1347308889e+07
1338384600,7.2677653547e+07
1338386400,1.1312148765e+08
1338388200,1.0567329433e+08
1338390000,1.0905323582e+08
1338391800,1.4860144777e+08
1338393600,7.9501149344e+07
1338395400,8.4379923896e+07
1338397200,3.8648966561e+07
1338399000,8.2045409567e+07
1338400800,1.0122758851e+08
1338402600,1.2351765587e+08
1338404400,5.4641472287e+07
1338406200,5.5674483171e+07
1338408000,6.1596645800e+07
1338409800,1.1291989734e+08
1338411600,7.0798870121e+07
1338413400,7.5503743654e+07
1338415200,4.5914505795e+07
1338417000,3.3433263025e+07
1338418800,2.3104823871e+07
1338420600,3.5889483514e+07
1338422400,4.1901514491e+07
1338424200,2.2787157330e+07
1338426000,2.6026026388e+07
1338427800,5.3130094046e+07
1338429600,2.6045527762e+07
1338431400,1.1401737195e+07
1338433200,4.6083579857e+07
1338435000,3.8469175754e+07
1338436800,3.5807809878e+07
1338438600,3.4313344997e+07
1338440400,1.8756774149e+07
1338442200,1.7310505728e+07
1338444000,3.1320257637e+07
1338445800,2.8947725156e+07
1338447600,4.5905337393e+07
1338449400,2.8134627087e+07
1338451200,2.2067969314e+07
1338453000,3.8789446138e+07
1338454800,2.7648288125e+07
1338456600,1.7879737453e+07
1338458400,2.7929841773e+07
1338460200,2.4531133906e+07
1338462000,4.9489757748e+07
1338463800,3.5389664513e+07
1338465600,5.2963723965e+07
1338467400,6.2274958413e+07
1338469200,6.1622004088e+07
1338471000,9.6950563285e+07
1338472800,7.0149664993e+07
1338474600,1.1370063165e+08
1338476400,6.9121467124e+07
1338478200,6.7411938784e+07
1338480000,9.0170752027e+07
1338481800,8.6637781433e+07
1338483600,8.0728983458e+07
1338485400,7.1937799190e+07
1338487200,8.8321288745e+07
1338489000,8.8301085022e+07
1338490800,1.2108383776e+08
1338492600,1.5608884819e+08
1338494400,1.7107740777e+08
1338496200,1.3678506281e+08
1338498000,1.2986896541e+08
1338499800,1.2804592742e+08
1338501600,7.5548368905e+07
1338503400,6.5973992829e+07
1338505200,1.1525907978e+08
1338507000,8.7811638085e+07
1338508800,1.0217582453e+08
1338510600,1.2244043605e+08
1338512400,9.5757517482e+07
1338514200,7.2624630512e+07
1338516000,9.1974959695e+07
1338517800,1.0944643898e+08
1338519600,1.1768097779e+08
1338521400,9.7037947672e+07
1338523200,8.6973747936e+07
1338525000,5.8101240297e+07
1338526800,6.5545628431e+07
1338528600,5.8431637879e+07
1338530400,5.3466647752e+07
1338532200,4.2180730256e+07
1338534000,3.9010618248e+07
1338535800,5.1136064210e+07
1338537600,3.3491300577e+07
1338539400,4.3014951566e+07
1338541200,4.2621194016e+07
1338543000,2.8076194120e+07
1338544800,2.8647772737e+07
1338546600,4.5258773930e+07
1338548400,2.9251526227e+07
1338550200,4.0976524655e+07
1338552000,5.0772149074e+07
1338553800,6.7416147039e+07
1338555600,5.5281014857e+07
1338557400,7.8413401998e+07
1338559200,1.5650544323e+08
1338561000,1.3004623512e+08
1338562800,1.5399031068e+08
1338564600,8.1014073858e+07
1338566400,6.3975374562e+07
1338568200,6.6751212847e+07
1338570000,1.0834611782e+08
1338571800,1.3475351216e+08
1338573600,1.4822727172e+08
1338575400,1.9775986056e+08
1338577200,3.0830080497e+08
1338579000,1.4902457773e+08
1338580800,1.0380983773e+08
1338582600,8.5913774401e+07
1338584400,9.0090071249e+07
1338586200,9.4546861869e+07
1338588000,4.5000803128e+07
1338589800,6.1951437163e+07
1338591600,5.8354075968e+07
1338593400,2.1652728494e+07
1338595200,2.6868740356e+07
1338597000,9.3939559514e+06
1338598800,1.3156814003e+07
1338600600,5.6869081790e+06
1338602400,6.1742025740e+06
1338604200,8.0058442452e+07
1338606000,1.0494538788e+08
1338607800,2.9079580862e+06
1338609600,4.0647767569e+06
1338611400,2.2424722335e+07
1338613200,3.2644184184e+06
1338615000,7.5389525822e+06
1338616800,6.4502607218e+06
1338618600,1.1751797406e+07
1338620400,2.1019500869e+06
1338622200,2.6819814588e+06
1338624000,1.5173477732e+06
1338625800,1.8318292080e+06
1338627600,3.0326785966e+06
1338629400,5.8650264233e+06
1338631200,1.5923363059e+07
1338633000,2.8184259632e+06
1338634800,2.2529152005e+07
1338636600,1.1052262160e+07
1338638400,4.5898369463e+07
1338640200,4.0970241877e+06
1338642000,2.0255150925e+07
1338643800,5.6253672568e+05
1338645600,3.4231163367e+06
1338647400,1.9376767877e+06
1338649200,5.2464844100e+06
1338651000,3.0317850194e+06
1338652800,2.8220572009e+06
1338654600,2.5997334489e+06
1338656400,1.4942323053e+07
1338658200,1.9887955267e+07
1338660000,9.4177230679e+06
1338661800,1.4436137832e+07
1338663600,4.5434531205e+06
1338665400,3.3596207174e+07
1338667200,6.4689781575e+06
1338669000,4.0146525231e+06
1338670800,3.3569807448e+06
1338672600,3.5324823063e+06
1338674400,5.0909251372e+06
1338676200,3.2996203790e+07
1338678000,1.5035976307e+07
1338679800,1.0501372794e+07
1338681600,3.4053706329e+06
1338683400,2.4618303753e+06
1338685200,1.9676378109e+06
1338687000,7.3956942173e+06
1338688800,1.7387459355e+07
1338690600,1.7309981373e+07
1338692400,6.9322416021e+06
1338694200,1.5319255003e+07
1338696000,1.8959583303e+07
1338697800,6.9029027977e+06
1338699600,9.2388144657e+06
1338701400,2.2726652520e+07
1338703200,6.1223165051e+06
1338705000,8.7336986432e+06
1338706800,7.0754526846e+06
1338708600,7.2161744046e+06
1338710400,1.2210926167e+07
1338712200,2.4422942077e+07
1338714000,6.7992707608e+06
1338715800,6.9818201496e+06
1338717600,1.3162157749e+07
1338719400,1.4646133913e+06
1338721200,6.1497369386e+06
1338723000,5.4340134882e+06
1338724800,6.1021536903e+06
1338726600,1.3177800506e+06
1338728400,2.7797084985e+06
1338730200,5.4370446359e+06
1338732000,3.7650135576e+06
1338733800,8.2996009573e+05
1338735600,8.4750641784e+05
1338737400,3.2397606060e+06
1338739200,1.8768342731e+06
1338741000,6.6616569618e+06
1338742800,4.4904912104e+06
1338744600,3.3424618665e+05
1338746400,6.9241389678e+05
1338748200,8.5710762869e+06
1338750000,3.2937394334e+06
1338751800,3.1595891686e+06
1338753600,1.1817379917e+07
1338755400,4.0884789578e+06
1338757200,4.2571815105e+06
1338759000,5.3917483594e+07
1338760800,1.3926542181e+07
1338762600,4.2344291161e+06
1338764400,3.5885572355e+06
1338766200,4.6985345032e+06
1338768000,9.6409062158e+06
1338769800,9.4045105025e+06
1338771600,4.4130870338e+06
1338773400,4.4095997385e+06
1338775200,2.9646032741e+06
1338777000,1.4796366263e+07
1338778800,3.9715909407e+05
1338780600,2.2843520460e+06
1338782400,2.3621417792e+06
1338784200,6.2603730635e+05
1338786000,1.9824983261e+05
1338787800,1.1994604554e+05
1338789600,1.3282189763e+05
1338791400,1.2067592442e+05
1338793200,1.6007770842e+05
1338795000,1.6248530879e+05
1338796800,1.4193169501e+06
1338798600,1.2182898181e+05
1338800400,1.4178534959e+05
1338802200,1.1927521759e+07
1338804000,1.9412007549e+06
1338805800,5.9039483931e+06
1338807600,2.3335772511e+07
1338809400,3.1242202792e+07
1338811200,1.7813407612e+07
1338813000,3.2825617575e+07
1338814800,1.5493941544e+08
1338816600,5.1856186142e+07
1338818400,9.0802577451e+07
1338820200,1.0556531803e+08
1338822000,1.1718237424e+08
1338823800,1.3898455964e+08
1338825600,1.3628535851e+08
1338827400,1.0247574496e+08
1338829200,9.1956640773e+07
1338831000,9.7432432327e+07
1338832800,8.8790813551e+07
1338834600,8.3674202717e+07
1338836400,6.0729749275e+07
1338838200,7.2625880425e+07
1338840000,1.0422076079e+08
1338841800,7.2460925780e+07
1338843600,9.6591320022e+07
1338845400,8.4268962521e+07
1338847200,7.4945252415e+07
1338849000,6.6574095163e+07
1338850800,4.7654930440e+07
1338852600,5.8303553538e+07
1338854400,5.4390864856e+07
1338856200,6.9080910882e+07
1338858000,5.6932607013e+07
1338859800,4.8507945391e+07
1338861600,6.9068420496e+07
1338863400,9.1556867792e+07
1338865200,4.6454314603e+07
1338867000,3.2614898205e+07
1338868800,3.9338531413e+07
1338870600,4.0821422412e+07
1338872400,3.9926119525e+07
1338874200,7.1871122427e+07
1338876000,2.3087593084e+07
1338877800,1.8235230188e+07
1338879600,4.9283307370e+07
1338881400,2.9988395538e+07
1338883200,3.3113852292e+07
1338885000,2.6352587542e+07
1338886800,2.5389438224e+07
1338888600,3.9321406801e+07
1338890400,2.8335634345e+07
1338892200,2.3240279959e+07
1338894000,2.3619128880e+07
1338895800,2.9096881493e+07
1338897600,7.8040756830e+07
1338899400,4.7597468391e+07
1338901200,1.0215106995e+08
1338903000,5.5685202492e+07
1338904800,3.9310808330e+07
1338906600,5.5156128233e+07
1338908400,5.8089330998e+07
1338910200,7.9077950908e+07
1338912000,5.1843626913e+07
1338913800,5.6448142347e+07
1338915600,5.7233641399e+07
1338917400,7.1414334635e+07
1338919200,8.3144168728e+07
1338921000,9.1214193490e+07
1338922800,7.8268141890e+07
1338924600,1.0712053935e+08
1338926400,1.2117936871e+08
1338928200,8.9300982370e+07
1338930000,1.0636381838e+08
1338931800,9.3396914410e+07
1338933600,7.3629970044e+07
1338935400,8.3216616023e+07
1338937200,5.9964157280e+07
1338939000,6.9541714868e+07
1338940800,4.5509531851e+07
1338942600,5.3037266134e+07
1338944400,3.4504026871e+07
1338946200,1.7660012677e+07
1338948000,4.1769594929e+07
1338949800,3.1981690948e+07
1338951600,3.9307092126e+07
1338953400,2.9810943224e+07
1338955200,2.9305646554e+07
1338957000,7.6030837666e+06
1338958800,1.3407698574e+07
1338960600,2.1009507880e+07
1338962400,1.5182359212e+07
1338964200,3.0852029729e+07
1338966000,2.9752613387e+06
1338967800,4.4976347908e+06
1338969600,7.9081233573e+06
1338971400,2.5891077397e+06
1338973200,5.4774314195e+06
1338975000,3.7919146859e+06
1338976800,2.5631095514e+05
1338978600,2.9853276999e+06
1338980400,3.0517986963e+06
1338982200,5.2190212730e+06
1338984000,2.0524908210e+07
1338985800,3.9353985346e+07
1338987600,5.9209543972e+07
1338989400,8.2448153573e+07
1338991200,7.8012183672e+07
1338993000,3.7262415226e+07
1338994800,3.1000628863e+07
1338996600,4.5598482783e+07
1338998400,5.9704295132e+07
1339000200,4.2311933049e+07
1339002000,3.5402042871e+07
1339003800,4.6952252426e+07
1339005600,6.6571241967e+07
1339007400,4.0065647435e+07
1339009200,6.4899969558e+07
1339011000,4.5846512182e+07
1339012800,8.4574988465e+07
1339014600,9.8712854572e+07
1339016400,7.5750198524e+07
1339018200,4.2779799222e+07
1339020000,4.8594135475e+07
1339021800,8.8894054407e+07
1339023600,3.2546004070e+07
1339025400,3.8484851533e+07
1339027200,2.3263092894e+07
1339029000,3.3802527839e+07
1339030800,6.5647938478e+06
1339032600,1.1095591513e+07
1339034400,1.3316788306e+07
1339036200,8.8317409473e+06
1339038000,8.5123429500e+06
1339039800,7.8828117536e+06
1339041600,6.5326975987e+06
1339043400,2.8575859304e+06
1339045200,2.2154483709e+06
1339047000,7.4454321124e+06
1339048800,1.5183595499e+06
1339050600,7.8257111412e+06
1339052400,7.5756101233e+06
1339054200,1.0728344478e+07
1339056000,2.0647890447e+06
1339057800,2.5045135234e+06
1339059600,3.0938352146e+06
1339061400,7.8174193343e+06
1339063200,4.6636343686e+06
1339065000,1.0141714458e+07
1339066800,3.3353273193e+06
1339068600,2.2175025279e+06
1339070400,1.2730508326e+07
1339072200,2.8378108319e+07
1339074000,7.1950749495e+07
1339075800,5.0609257800e+07
1339077600,5.2471395179e+07
1339079400,5.3686316566e+07
1339081200,7.5862567204e+07
1339083000,5.5148743720e+07
1339084800,6.6971167990e+07
1339086600,3.0683218993e+07
1339088400,5.4770564448e+07
1339090200,8.4774757127e+07
1339092000,5.7958973606e+07
1339093800,3.7986291882e+07
1339095600,2.2806851795e+07
1339097400,4.7972881873e+07
1339099200,3.6012500897e+07
1339101000,3.5220603717e+07
1339102800,3.2543090097e+07
1339104600,6.1095010751e+07
1339106400,3.9064964283e+07
1339108200,4.0698321115e+07
1339110000,7.0101700988e+07
1339111800,1.5075876871e+07
1339113600,3.2555576763e+07
1339115400,2.5737554049e+07
1339117200,8.5111056098e+06
1339119000,1.4134067519e+07
1339120800,1.0128237806e+07
1339122600,1.7499274151e+07
1339124400,1.5267554201e+07
1339126200,1.7339919965e+07
1339128000,9.3847117868e+06
1339129800,2.0805195927e+07
1339131600,3.6966105837e+06
1339133400,3.0361882184e+06
1339135200,3.6152372475e+06
1339137000,2.1527218787e+06
1339138800,5.5877648473e+06
1339140600,6.7308931004e+06
1339142400,6.6748376953e+06
1339144200,1.9379020420e+06
1339146000,1.3779892913e+07
1339147800,9.7391703424e+06
1339149600,3.5594659591e+07
1339151400,4.3217057188e+07
1339153200,9.1720518608e+06
1339155000,1.4620938720e+07
1339156800,2.5239766392e+07
1339158600,5.0301197579e+07
1339160400,7.9931882620e+07
1339162200,8.9587259611e+07
1339164000,1.0277909117e+08
1339165800,8.3449044575e+07
1339167600,7.9123148577e+07
1339169400,6.9745011604e+07
1339171200,8.0674310949e+07
1339173000,5.5071354546e+07
1339174800,9.6616281574e+07
1339176600,7.9840875362e+07
1339178400,9.7417242727e+07
1339180200,8.1532460912e+07
1339182000,6.8713045333e+07
1339183800,5.9638519854e+07
1339185600,9.6411170813e+07
1339187400,7.9472684499e+07
1339189200,8.3998225734e+07
1339191000,6.9365544092e+07
1339192800,3.8722182498e+07
1339194600,3.9174371302e+07
1339196400,4.9433399965e+07
1339198200,6.5991220539e+06
1339200000,8.1019430027e+06
1339201800,2.8754031950e+07
1339203600,4.5327692742e+07
1339205400,8.3104819944e+06
1339207200,1.3579354136e+07
1339209000,1.4934726044e+07
1339210800,1.1899393282e+07
1339212600,8.0046919619e+06
1339214400,4.9824241126e+06
1339216200,4.7321123301e+06
1339218000,9.1362335503e+06
1339219800,9.5126162211e+06
1339221600,8.5250575769e+06
1339223400,9.1055824657e+06
1339225200,6.3159714826e+06
1339227000,7.8846206220e+06
1339228800,3.0849656639e+06
1339230600,3.6621547900e+06
1339232400,3.5014267201e+06
1339234200,3.9111242069e+06
1339236000,4.3544636945e+06
1339237800,2.4109516946e+06
1339239600,4.6429062021e+05
1339241400,3.5012201460e+06
1339243200,7.8772906940e+06
1339245000,1.4796760033e+07
1339246800,3.5714709107e+07
1339248600,1.5398742801e+07
1339250400,1.7297096416e+07
1339252200,3.8619141186e+07
1339254000,4.9006007201e+07
1339255800,2.7403343550e+07
1339257600,1.5376431960e+07
1339259400,1.9347799545e+07
1339261200,2.1610103506e+07
1339263000,1.3918044619e+07
1339264800,1.3182942475e+07
1339266600,8.9192164927e+06
1339268400,1.2679446290e+07
1339270200,6.4297164220e+06
1339272000,1.2628767413e+07
1339273800,6.2376035145e+06
1339275600,7.6035825199e+06
1339277400,1.3775480158e+07
1339279200,5.8257838364e+06
1339281000,5.7551112884e+06
1339282800,4.1435981218e+06
1339284600,8.5685940201e+06
1339286400,8.2954934680e+06
1339288200,1.5325030031e+07
1339290000,1.6079200629e+07
1339291800,3.4493307751e+07
1339293600,5.7672083742e+06
1339295400,8.6067552164e+06
1339297200,1.3049435575e+07
1339299000,6.0927763466e+06
1339300800,6.1013531508e+06
1339302600,1.4522188995e+07
1339304400,1.1038504556e+07
1339306200,1.5344531706e+07
1339308000,6.1638893260e+06
1339309800,1.0970371379e+07
1339311600,5.0982565915e+06
1339313400,5.0629882791e+06
1339315200,6.7582288999e+06
1339317000,4.7304796421e+06
1339318800,8.2082203045e+06
1339320600,4.1444701409e+06
1339322400,2.2989668514e+06
1339324200,3.9656339680e+06
1339326000,2.4619950662e+05
1339327800,2.0047449380e+06
1339329600,9.7665599098e+06
1339331400,1.5064293594e+07
1339333200,7.2719167279e+06
1339335000,6.8059503622e+06
1339336800,7.0406367419e+06
1339338600,9.5278295878e+06
1339340400,7.4042638864e+06
1339342200,8.5729653927e+06
1339344000,3.2938569308e+06
1339345800,3.4925269455e+06
1339347600,1.7410785831e+06
1339349400,1.0367284807e+07
1339351200,3.6285612444e+06
1339353000,1.9773082231e+07
1339354800,1.2078854483e+07
1339356600,5.0305528243e+06
1339358400,2.6732137284e+07
1339360200,3.5293145647e+07
1339362000,6.9962130497e+06
1339363800,1.3635843053e+07
1339365600,7.5774552495e+06
1339367400,5.4451408963e+06
1339369200,1.4500808239e+07
1339371000,3.5891026552e+07
1339372800,6.9587557464e+06
1339374600,1.1240091297e+07
1339376400,2.2311541936e+06
1339378200,1.2201680719e+07
1339380000,2.6187286209e+07
1339381800,4.7256532610e+07
1339383600,5.5720897460e+06
1339385400,3.3410908402e+06
1339387200,1.8769533815e+06
1339389000,1.9196472071e+06
1339390800,4.6462365470e+06
1339392600,2.8592022578e+05
1339394400,4.4818755171e+06
1339396200,2.6716537877e+05
1339398000,1.9659362233e+05
1339399800,7.0138326920e+04
1339401600,7.0910278545e+04
1339403400,4.1903419406e+07
1339405200,4.2513022149e+07
1339407000,2.3486726382e+06
1339408800,4.3639047154e+06
1339410600,4.0762236044e+06
1339412400,3.1758926630e+06
1339414200,1.2445739754e+07
1339416000,2.4564390817e+07
1339417800,2.1280099401e+07
1339419600,5.5671046336e+07
1339421400,7.5864905730e+07
1339423200,5.7305521649e+07
1339425000,6.4674975379e+07
1339426800,8.2188758468e+07
1339428600,1.0474862185e+08
1339430400,8.4339036106e+07
1339432200,6.2056269530e+07
1339434000,6.6445415731e+07
1339435800,8.9306899376e+07
1339437600,7.8578763922e+07
1339439400,1.1216993629e+08
1339441200,1.5691267749e+08
1339443000,7.2839953569e+07
1339444800,9.9595958704e+07
1339446600,8.9449817034e+07
1339448400,5.5220065082e+07
1339450200,7.2344139313e+07
1339452000,6.2906524690e+07
1339453800,5.1819005274e+07
1339455600,4.7687782920e+07
1339457400,3.1366647985e+07
1339459200,4.0985423085e+07
1339461000,1.9716822498e+07
1339462800,1.6398625132e+07
1339464600,9.7129315465e+06
1339466400,7.3272246882e+06
1339468200,2.1677741566e+06
1339470000,1.2488768594e+07
1339471800,1.1198623186e+07
1339473600,1.6146079802e+06
1339475400,4.0945816251e+06
1339477200,2.8115407363e+06
1339479000,8.1730454862e+05
1339480800,3.9605976622e+06
1339482600,2.4744792547e+06
1339484400,3.5874445174e+06
1339486200,1.9496572762e+06
1339488000,2.1120476715e+06
1339489800,1.2713847252e+06
1339491600,1.7654415219e+06
1339493400,1.0313901452e+06
1339495200,8.1878198424e+06
1339497000,3.2611609327e+06
1339498800,2.3202973093e+06
1339500600,2.1176433265e+06
1333742400,8.1027580139e+06
1333749600,6.4712944405e+06
1333756800,3.7750808314e+06
1333764000,4.0096232647e+06
1333771200,3.5479924439e+06
1333778400,2.0024369347e+06
1333785600,1.7153686278e+06
1333792800,3.2928084912e+06
1333800000,7.3798383923e+05
1333807200,5.2603618451e+05
1333814400,4.1384846321e+06
1333821600,2.8405132151e+06
1333828800,6.5096134447e+05
1333836000,7.9170849474e+06
1333843200,4.1571004283e+06
1333850400,2.6671224709e+06
1333857600,3.8164554306e+06
1333864800,1.5838246432e+06
1333872000,2.0642218721e+06
1333879200,3.3327430786e+06
1333886400,3.5167627649e+06
1333893600,5.9404003857e+06
1333900800,3.5780901953e+06
1333908000,1.1231420613e+07
1333915200,3.3383015976e+06
1333922400,2.9513797557e+06
1333929600,6.1560049814e+06
1333936800,9.8138155831e+06
1333944000,1.1234088829e+07
1333951200,5.0241578774e+06
1333958400,6.0692214404e+06
1333965600,1.7155644240e+06
1333972800,6.4867168708e+06
1333980000,6.9181358041e+07
1333987200,9.9262004297e+07
1333994400,7.1987785516e+07
1334001600,8.0112805819e+07
1334008800,8.1912798791e+07
1334016000,6.1427942351e+07
1334023200,6.1064374680e+07
1334030400,3.6314302697e+07
1334037600,1.0645751046e+07
1334044800,1.9338858792e+07
1334052000,2.1802964136e+06
1334059200,1.1991244428e+07
1334066400,6.1187809348e+07
1334073600,5.3725178263e+07
1334080800,5.3463004861e+07
1334088000,5.5575892062e+07
1334095200,5.0167700510e+07
1334102400,5.3796076610e+07
1334109600,4.0744015103e+07
1334116800,4.2216167979e+07
1334124000,6.3171434028e+07
1334131200,7.1709083811e+07
1334138400,9.7969373248e+07
1334145600,4.5121016460e+06
1334152800,1.1639624562e+08
1334160000,1.0224896874e+08
1334167200,7.5552371255e+07
1334174400,1.0165871594e+08
1334181600,6.9145218774e+07
1334188800,5.1322444516e+07
1334196000,3.7280839403e+07
1334203200,3.4922099223e+07
1334210400,1.6518705133e+07
1334217600,2.1136513037e+07
1334224800,1.2666699616e+07
1334232000,1.1642934254e+07
1334239200,4.2618226703e+07
1334246400,3.6255989918e+07
1334253600,5.6485707291e+07
1334260800,8.7449151899e+07
1334268000,8.5857971051e+07
1334275200,8.5784218442e+07
1334282400,2.9309153145e+07
1334289600,4.0157405658e+07
1334296800,3.5132050287e+07
1334304000,7.4234902912e+06
1334311200,7.2843883760e+06
1334318400,1.1783313024e+07
1334325600,5.1213308896e+07
1334332800,7.9695998668e+07
1334340000,8.7555285157e+07
1334347200,9.4491712703e+07
1334354400,6.5178826579e+07
1334361600,2.8298673377e+07
1334368800,1.4310215211e+07
1334376000,7.1513089184e+06
1334383200,2.9211191498e+07
1334390400,2.7013193116e+07
1334397600,6.4579952136e+06
1334404800,4.7663457326e+06
1334412000,6.2939397751e+06
1334419200,7.6402593863e+06
1334426400,7.4583830895e+06
1334433600,4.8247746096e+07
1334440800,4.7980834276e+06
1334448000,3.0135778581e+06
1334455200,7.3682973522e+06
1334462400,3.6688563030e+07
1334469600,7.1343570102e+07
1334476800,1.6736110397e+07
1334484000,2.4281420316e+06
1334491200,4.4283809239e+06
1334498400,3.9523051110e+06
1334505600,5.6431184269e+06
1334512800,1.3071929345e+07
1334520000,2.7241113445e+07
1334527200,2.1741100343e+06
1334534400,1.0211217488e+07
1334541600,2.4481929059e+07
1334548800,2.6553265649e+07
1334556000,7.7003364861e+06
1334563200,4.6873403196e+06
1334570400,4.1602028067e+06
1334577600,7.1971192786e+06
1334584800,5.9610420151e+07
1334592000,8.1363464751e+07
1334599200,5.5808863555e+07
1334606400,8.4967753112e+07
1334613600,8.0517864413e+07
1334620800,2.6191734329e+07
1334628000,3.3221773759e+07
1334635200,8.8991372004e+06
1334642400,4.1987750591e+06
1334649600,2.1288445501e+06
1334656800,8.0504125979e+06
1334664000,6.7279744063e+06
1334671200,4.2361945096e+07
1334678400,9.8372606873e+07
1334685600,7.4903718284e+07
1334692800,,
1334700000,6.6416016546e+07
1334707200,3.7210096440e+07
1334714400,3.0189783305e+07
1334721600,2.3878895389e+07
1334728800,4.8256667301e+07
1334736000,4.0202082165e+07
1334743200,2.3655325454e+07
1334750400,7.6551684009e+07
1334757600,1.2784877504e+08
1334764800,9.1579847738e+07
1334772000,8.1061567300e+07
1334779200,5.2071906720e+07
1334786400,6.0954270864e+07
1334793600,5.7370849584e+07
1334800800,5.0032082882e+07
1334808000,8.8901629957e+06
1334815200,2.9069901442e+07
1334822400,6.5646226143e+06
1334829600,6.9839436547e+06
1334836800,1.4758764438e+07
1334844000,5.7332378974e+07
1334851200,1.0385947124e+08
1334858400,1.1718090694e+08
1334865600,1.1559088210e+08
1334872800,8.5401311172e+07
1334880000,2.6038494977e+07
1334887200,2.6398611029e+07
1334894400,2.9256938000e+07
1334901600,1.5499957089e+07
1334908800,1.6021233085e+07
1334916000,1.6671845808e+07
1334923200,2.6663726061e+07
1334930400,7.7568426726e+07
1334937600,9.2661831253e+07
1334944800,6.2604674413e+07
1334952000,7.3100071919e+07
1334959200,1.0258826554e+08
1334966400,8.4823884801e+07
1334973600,5.8329656005e+07
1334980800,1.9731907017e+07
1334988000,3.6539524356e+07
1334995200,1.6603975243e+07
1335002400,1.7142480485e+07
1335009600,6.3878199783e+06
1335016800,3.6520180891e+06
1335024000,5.5430068392e+07
1335031200,8.6371621686e+06
1335038400,7.4100092216e+06
1335045600,6.5024352659e+06
1335052800,3.3880104819e+06
1335060000,8.3497192671e+06
1335067200,2.5724856795e+06
1335074400,4.6572314045e+06
1335081600,1.7934994505e+06
1335088800,1.2451545991e+06
1335096000,5.5671661488e+06
1335103200,3.4591283115e+06
1335110400,3.2847383006e+07
1335117600,5.6210924000e+07
1335124800,1.4075325516e+07
1335132000,2.8866606958e+07
1335139200,3.7371345633e+07
1335146400,5.5949301598e+06
1335153600,4.6784318747e+06
1335160800,1.1766790420e+07
1335168000,4.3607396709e+05
1335175200,1.7932125025e+06
1335182400,9.1037567514e+06
1335189600,7.0983915886e+07
1335196800,1.0839141854e+08
1335204000,8.6497788902e+07
1335211200,1.0515072934e+08
1335218400,6.0910044327e+07
1335225600,3.6376149737e+07
1335232800,1.1916707418e+07
1335240000,7.1068650087e+07
1335247200,2.6550131655e+07
1335254400,2.6739674329e+07
1335261600,4.3379158523e+07
1335268800,3.9616176264e+07
1335276000,1.1637968951e+08
1335283200,9.7067433021e+07
1335290400,6.4781546779e+07
1335297600,8.9099595814e+07
1335304800,8.7040305147e+07
1335312000,5.0139081882e+07
1335319200,3.9798667407e+07
1335326400,6.2435152753e+07
1335333600,4.5161509155e+07
1335340800,7.7457824114e+06
1335348000,1.9402951770e+06
1335355200,8.2214406339e+06
1335362400,6.7361878599e+07
1335369600,8.0775543567e+07
1335376800,7.6180983454e+07
1335384000,6.9678726419e+07
1335391200,1.0153694260e+08
1335398400,3.9262544087e+07
1335405600,1.9473436990e+07
1335412800,6.1304039498e+07
1335420000,1.9269160179e+07
1335427200,2.0557352000e+07
1335434400,2.4584596738e+07
1335441600,2.0944725311e+07
1335448800,9.8656423676e+07
1335456000,9.1702144905e+07
1335463200,8.3476185434e+07
1335470400,8.8665973866e+07
1335477600,6.4765624487e+07
1335484800,4.1789732462e+07
1335492000,5.0300941649e+07
1335499200,5.6545908963e+07
1335506400,5.3163734522e+07
1335513600,3.7416940718e+07
1335520800,1.3503916446e+07
1335528000,2.5191352156e+07
1335535200,1.0449931776e+08
1335542400,7.5734187362e+07
1335549600,5.4894777782e+07
1335556800,4.4954980010e+07
1335564000,5.8964109026e+07
1335571200,7.0558738362e+07
1335578400,1.3381200789e+07
1335585600,1.4917550795e+07
1335592800,7.8398615437e+06
1335600000,8.7378593755e+06
1335607200,9.3501526909e+06
1335614400,1.9394108209e+07
1335621600,1.0742069150e+07
1335628800,3.1053946089e+07
1335636000,1.6973406949e+07
1335643200,1.9804719353e+07
1335650400,1.1488816259e+07
1335657600,1.4505003880e+07
1335664800,3.1709155614e+07
1335672000,1.4387329356e+07
1335679200,9.8846329784e+06
1335686400,8.2969124469e+06
1335693600,8.0083266713e+06
1335700800,1.1277259737e+07
1335708000,8.5471950387e+06
1335715200,1.2424849669e+07
1335722400,1.4344954420e+07
1335729600,4.5726577370e+07
1335736800,2.2438671085e+07
1335744000,1.3617537589e+07
1335751200,9.3838270463e+06
1335758400,9.2751103677e+06
1335765600,1.5495761507e+07
1335772800,1.0643741150e+07
1335780000,9.2113961510e+06
1335787200,1.1985237343e+07
1335794400,5.9658363021e+07
1335801600,6.3136982520e+07
1335808800,5.4254878363e+07
1335816000,7.7064559872e+07
1335823200,8.7506076057e+07
1335830400,5.9360683409e+07
1335837600,5.4687663706e+07
1335844800,1.8576723020e+07
1335852000,9.8946418929e+07
1335859200,4.3340899859e+07
1335866400,1.0094131143e+07
1335873600,2.4599431724e+07
1335880800,1.0077292099e+08
1335888000,1.1362769891e+08
1335895200,7.6454846948e+07
1335902400,8.6783432730e+07
1335909600,6.9355650361e+07
1335916800,3.6374306499e+07
1335924000,2.9701121685e+07
1335931200,4.3768157348e+07
1335938400,2.4881674549e+07
1335945600,3.0444430093e+07
1335952800,1.1711735362e+07
1335960000,2.0552407254e+07
1335967200,9.5368937310e+07
1335974400,1.1790749268e+08
1335981600,1.0681971354e+08
1335988800,8.7662180157e+07
1335996000,7.8179533696e+07
1336003200,4.2216667837e+07
1336010400,4.2706334943e+07
1336017600,3.8918315853e+07
1336024800,1.5321792380e+07
1336032000,2.6693638599e+07
1336039200,1.7152784778e+07
1336046400,1.5696383335e+07
1336053600,7.8015526006e+07
1336060800,8.9037302230e+07
1336068000,1.2961628788e+08
1336075200,9.3649223474e+07
1336082400,7.7474807437e+07
1336089600,6.0377967166e+07
1336096800,5.8482846235e+07
1336104000,1.9686729272e+07
1336111200,1.4973599660e+07
1336118400,7.3118183083e+06
1336125600,7.5833726224e+06
1336132800,2.4254062438e+07
1336140000,5.2553232064e+07
1336147200,8.0265012170e+07
1336154400,8.5154712393e+07
1336161600,9.9050622935e+07
1336168800,9.8635887285e+07
1336176000,7.1934989623e+07
1336183200,2.1423581980e+07
1336190400,1.1853797219e+07
1336197600,1.2948928988e+07
1336204800,1.1163532666e+07
1336212000,6.6943590603e+06
1336219200,1.1607343573e+07
1336226400,4.7254761756e+06
1336233600,5.7180432122e+06
1336240800,1.1387043190e+07
1336248000,2.4957691260e+07
1336255200,5.2339941765e+07
1336262400,1.6574587015e+07
1336269600,4.0767463698e+06
1336276800,4.6275085214e+06
1336284000,4.7037081160e+06
1336291200,1.3373404773e+07
1336298400,2.7131119880e+06
1336305600,3.5954471092e+06
1336312800,4.7366533403e+06
1336320000,7.1623672186e+06
1336327200,3.6017073673e+06
1336334400,1.7507941485e+07
1336341600,1.2906221979e+07
1336348800,9.5085016693e+06
1336356000,5.1808910807e+06
1336363200,4.0276559180e+06
1336370400,9.2699825338e+06
1336377600,2.9090242380e+07
1336384800,3.2963778894e+06
1336392000,7.9008085519e+06
1336399200,7.7811931283e+07
1336406400,1.0625634872e+08
1336413600,9.5314328960e+07
1336420800,5.9578249598e+07
1336428000,3.8949871485e+07
1336435200,3.4576924108e+07
1336442400,3.1607688302e+07
1336449600,3.1859773966e+07
1336456800,2.0249693190e+07
1336464000,1.7300927892e+07
1336471200,1.6721166133e+07
1336478400,2.6022820153e+07
1336485600,7.4336643034e+07
1336492800,5.3832649682e+07
1336500000,4.3118369562e+07
1336507200,8.5287399853e+07
1336514400,4.3757616980e+07
1336521600,2.3141301884e+07
1336528800,2.7312684226e+07
1336536000,1.5399678597e+07
1336543200,1.3447937435e+07
1336550400,1.0626948328e+07
1336557600,1.1534296335e+07
1336564800,3.2010372357e+07
1336572000,5.7357943254e+07
1336579200,5.9373799941e+07
1336586400,1.0657286761e+08
1336593600,8.5691933478e+07
1336600800,4.9985409198e+07
1336608000,3.4552266580e+07
1336615200,1.0373800271e+07
1336622400,1.7121004457e+07
1336629600,1.5898005449e+07
1336636800,7.4347190835e+06
1336644000,8.0017607244e+06
1336651200,1.9456314919e+07
1336658400,8.5771692601e+07
1336665600,8.9274245353e+07
1336672800,5.0648663080e+07
1336680000,4.9119251897e+07
1336687200,5.3907273127e+07
1336694400,6.1700946657e+07
1336701600,3.7661474353e+07
1336708800,2.0594670135e+07
1336716000,1.9070501199e+07
1336723200,2.5541661418e+07
1336730400,1.5985595808e+07
1336737600,2.1642609079e+07
1336744800,5.7260717145e+07
1336752000,8.2183745542e+07
1336759200,6.9154043424e+07
1336766400,7.3411174449e+07
1336773600,5.2022056530e+07
1336780800,2.7542765062e+07
1336788000,2.0697323656e+07
1336795200,1.7310458890e+07
1336802400,1.6883024117e+07
1336809600,1.4325777951e+07
1336816800,1.3404660965e+07
1336824000,4.4379629671e+07
1336831200,2.6164327269e+07
1336838400,2.9301414329e+07
1336845600,3.9593952193e+07
1336852800,2.8318753095e+07
1336860000,3.1196945672e+07
1336867200,2.5339652941e+07
1336874400,2.5901148290e+07
1336881600,3.6929181490e+07
1336888800,2.9709363071e+07
1336896000,2.6388773940e+07
1336903200,2.1652326877e+07
1336910400,2.0895034322e+07
1336917600,2.4522170898e+07
1336924800,1.8607589357e+07
1336932000,2.7990081864e+07
1336939200,2.0205697950e+07
1336946400,2.0430566719e+07
1336953600,1.5510418671e+07
1336960800,1.5794914921e+07
1336968000,1.4085684103e+07
1336975200,5.1155082264e+06
1336982400,8.1124645448e+06
1336989600,6.3863356908e+06
1336996800,1.2685446065e+07
1337004000,7.8745359093e+07
1337011200,8.9140915674e+07
1337018400,7.5214859618e+07
1337025600,1.0480685650e+08
1337032800,7.3061975754e+07
1337040000,2.7104728576e+07
1337047200,2.4811486737e+07
1337054400,1.6401595919e+07
1337061600,2.0446436827e+07
1337068800,3.9716185429e+07
1337076000,1.5224214440e+07
1337083200,3.1858253858e+07
1337090400,7.4545037692e+07
1337097600,9.1260828484e+07
1337104800,1.0513594953e+08
1337112000,6.1809275163e+07
1337119200,4.6804411685e+07
1337126400,2.6186239613e+07
1337133600,2.3279344615e+07
1337140800,3.5147395314e+07
1337148000,1.9137827856e+07
1337155200,1.9368129930e+07
1337162400,2.4185485192e+07
1337169600,3.0639541509e+07
1337176800,7.3640618502e+07
1337184000,7.1633974867e+07
1337191200,4.8306922294e+07
1337198400,4.9742557981e+07
1337205600,1.4063466532e+08
1337212800,4.7639876758e+07
1337220000,6.4534308636e+07
1337227200,3.7836443888e+07
1337234400,1.1762827681e+07
1337241600,6.0080077381e+06
1337248800,8.2429309677e+06
1337256000,1.2092727576e+07
1337263200,5.2484317456e+07
1337270400,8.2088334302e+07
1337277600,5.1763874478e+07
1337284800,1.1926269479e+08
1337292000,1.1338607063e+08
1337299200,6.0249752355e+07
1337306400,5.3669746484e+07
1337313600,2.4010187721e+07
1337320800,2.7829261006e+07
1337328000,3.1584780062e+07
1337335200,2.5262991364e+07
1337342400,3.2305829443e+07
1337349600,8.8284582780e+07
1337356800,1.0238098078e+08
1337364000,9.8946056223e+07
1337371200,9.3290316601e+07
1337378400,8.9372087626e+07
1337385600,4.9935727584e+07
1337392800,6.1008978450e+07
1337400000,1.1425797409e+08
1337407200,9.8164395849e+07
1337414400,8.0846149906e+07
1337421600,5.5578521012e+07
1337428800,1.4841000952e+07
1337436000,2.0323597468e+07
1337443200,5.5985121653e+07
1337450400,1.2119678544e+07
1337457600,2.2559446681e+07
1337464800,2.2818863911e+07
1337472000,9.0823559603e+06
1337479200,1.6056266030e+07
1337486400,2.3437195444e+07
1337493600,4.7264612418e+07
1337500800,3.6400426742e+06
1337508000,1.9988033150e+06
1337515200,1.2338467966e+07
1337522400,1.4339987772e+07
1337529600,2.6156205286e+07
1337536800,3.3092650654e+07
1337544000,1.6686637186e+07
1337551200,1.0889070219e+07
1337558400,1.8658024666e+07
1337565600,4.2255100278e+07
1337572800,1.6255833163e+07
1337580000,3.0827798547e+06
1337587200,2.7934817786e+06
1337594400,3.1672218693e+06
1337601600,7.4784251123e+06
1337608800,6.9008857241e+07
1337616000,1.0595879806e+08
1337623200,7.4617675051e+07
1337630400,6.5602717272e+07
1337637600,1.0157966161e+08
1337644800,3.0798344965e+07
1337652000,1.6887338370e+07
1337659200,1.3605418046e+07
1337666400,1.6123960938e+07
1337673600,3.2878936182e+06
1337680800,5.7898554076e+06
1337688000,1.4891321076e+07
1337695200,6.4670775204e+07
1337702400,9.1992871570e+07
1337709600,5.6572200311e+07
1337716800,9.2065015840e+07
1337724000,7.9336685927e+07
1337731200,3.8829131192e+07
1337738400,1.5363516857e+07
1337745600,5.1555421072e+07
1337752800,2.6989550143e+07
1337760000,7.1796303065e+06
1337767200,7.7579149978e+06
1337774400,2.0767958569e+07
1337781600,5.4853725700e+07
1337788800,6.8015932871e+07
1337796000,4.5428543549e+07
1337803200,1.0852305701e+08
1337810400,3.2253111277e+07
1337817600,5.4191306809e+07
1337824800,1.9127218122e+07
1337832000,1.6396286311e+07
1337839200,6.6531537469e+06
1337846400,9.8223787294e+06
1337853600,2.1366518040e+07
1337860800,1.1392089623e+07
1337868000,5.1236639506e+07
1337875200,4.9518817157e+07
1337882400,5.4885940381e+07
1337889600,6.8008394070e+07
1337896800,6.6807679852e+07
1337904000,3.7992082914e+07
1337911200,4.1054589471e+07
1337918400,4.0431100388e+07
1337925600,2.7658110936e+07
1337932800,3.0460981196e+07
1337940000,7.7245881092e+06
1337947200,1.0028552371e+07
1337954400,4.0179787699e+07
1337961600,6.7444576545e+07
1337968800,7.9680679447e+07
1337976000,8.2210726867e+07
1337983200,8.5752941925e+07
1337990400,5.1828725202e+07
1337997600,5.5702549502e+07
1338004800,4.2584056178e+07
1338012000,2.9944173833e+07
1338019200,3.4329433938e+07
1338026400,9.6395494089e+06
1338033600,4.5947694204e+06
1338040800,3.2707310673e+06
1338048000,3.3940759698e+06
1338055200,7.0105145527e+06
1338062400,5.5152582958e+06
1338069600,2.8433108364e+06
1338076800,2.9009498101e+06
1338084000,2.6379542397e+06
1338091200,2.3330389128e+06
1338098400,4.1088486200e+06
1338105600,4.1441680790e+05
1338112800,2.1649547625e+06
1338120000,8.6435224554e+05
1338127200,5.7318839713e+06
1338134400,1.6428881573e+07
1338141600,6.4787510019e+06
1338148800,1.8365649340e+07
1338156000,2.5005203776e+06
1338163200,1.2379595286e+07
1338170400,1.7527485430e+06
1338177600,7.1985093153e+06
1338184800,4.8840970639e+06
1338192000,3.4882679147e+06
1338199200,4.4898375287e+05
1338206400,9.1255792216e+05
1338213600,6.2636554956e+05
1338220800,6.7902553176e+05
1338228000,3.8915593712e+06
1338235200,5.2511132269e+06
1338242400,1.3704186947e+07
1338249600,2.0164350440e+07
1338256800,4.8123908606e+06
1338264000,8.0927649583e+05
1338271200,1.7116224934e+05
1338278400,9.0067338302e+04
1338285600,9.6945642994e+05
1338292800,1.3127860830e+06
1338300000,9.9729431734e+07
1338307200,8.5129505194e+07
1338314400,9.8636215291e+07
1338321600,1.0492051407e+08
1338328800,1.4672566738e+08
1338336000,3.5501538664e+07
1338343200,3.3330253648e+07
1338350400,6.7621758819e+07
1338357600,1.1195608769e+08
1338364800,2.5242146837e+07
1338372000,2.3707697291e+07
1338379200,2.3847610114e+07
1338386400,7.2865942992e+07
1338393600,1.1070728181e+08
1338400800,7.3967178315e+07
1338408000,7.3857564282e+07
1338415200,7.6284254227e+07
1338422400,3.3582271225e+07
1338429600,3.1997201381e+07
1338436800,3.2940575671e+07
1338444000,2.5425220628e+07
1338451200,3.1263914737e+07
1338458400,2.8061828372e+07
1338465600,4.0593570033e+07
1338472800,7.2749297695e+07
1338480000,8.5101197396e+07
1338487200,8.1906463206e+07
1338494400,1.3413779469e+08
1338501600,1.1756208114e+08
1338508800,9.2805133805e+07
1338516000,9.6792647475e+07
1338523200,1.0278477810e+08
1338530400,5.8886288590e+07
1338537600,4.1454678323e+07
1338544800,3.5590028110e+07
1338552000,4.1564743472e+07
1338559200,8.9404001781e+07
1338566400,1.0725649855e+08
1338573600,1.1451952864e+08
1338580800,1.8972377025e+08
1338588000,7.8887877662e+07
1338595200,4.2206745495e+07
1338602400,8.6029701769e+06
1338609600,4.7994141295e+07
1338616800,9.9195885144e+06
1338624000,4.5132691812e+06
1338631200,6.6632243218e+06
1338638400,2.0574552398e+07
1338645600,7.0844570438e+06
1338652800,3.2595008545e+06
1338660000,1.1711933709e+07
1338667200,1.4761194071e+07
1338674400,3.9987601779e+06
1338681600,1.5484730881e+07
1338688800,7.3031554397e+06
1338696000,1.4630265320e+07
1338703200,1.1247671572e+07
1338710400,8.8090629749e+06
1338717600,1.2841547684e+07
1338724800,4.7876293771e+06
1338732000,3.3248866857e+06
1338739200,1.6985153482e+06
1338746400,3.0447020639e+06
1338753600,6.7104462014e+06
1338760800,1.9047421561e+07
1338768000,5.5406067676e+06
1338775200,5.2979501372e+06
1338782400,4.9600047956e+06
1338789600,2.6926377053e+05
1338796800,4.6563897293e+05
1338804000,3.5330842114e+06
1338811200,1.9573832827e+07
1338818400,8.2605949152e+07
1338825600,1.2450440261e+08
1338832800,9.5163907903e+07
1338840000,8.0312648302e+07
1338847200,8.2066615185e+07
1338854400,5.6730860999e+07
1338861600,6.0897470945e+07
1338868800,5.2491153003e+07
1338876000,4.3926564362e+07
1338883200,3.2655196347e+07
1338890400,2.9849766728e+07
1338897600,3.8499261790e+07
1338904800,6.1186137290e+07
1338912000,6.1041759263e+07
1338919200,6.7060071777e+07
1338926400,9.9445560858e+07
1338933600,9.0672921301e+07
1338940800,6.4558005005e+07
1338948000,3.6742725153e+07
1338955200,3.2601343213e+07
1338962400,1.4300662358e+07
1338969600,1.1558262304e+07
1338976800,3.0286912001e+06
1338984000,7.9452639697e+06
1338991200,6.4755966641e+07
1338998400,4.3391455501e+07
1339005600,4.7809367578e+07
1339012800,5.8846779410e+07
1339020000,6.6459246948e+07
1339027200,4.5797000726e+07
1339034400,1.6194925376e+07
1339041600,7.9398983124e+06
1339048800,3.5092064909e+06
1339056000,7.0486136968e+06
1339063200,4.5198506102e+06
1339070400,7.1062631577e+06
1339077600,5.0852377698e+07
1339084800,6.2917198870e+07
1339092000,5.7046878544e+07
1339099200,3.6194631612e+07
1339106400,4.1980917212e+07
1339113600,3.9607868934e+07
1339120800,1.4627741246e+07
1339128000,1.4872865026e+07
1339135200,7.7883079941e+06
1339142400,5.2865543804e+06
1339149600,1.5262906222e+07
1339156800,2.3062453540e+07
1339164000,8.0649857746e+07
1339171200,7.8247878926e+07
1339178400,8.2236438552e+07
1339185600,7.6573799228e+07
1339192800,6.7889659206e+07
1339200000,2.5827209081e+07
1339207200,2.3992890206e+07
1339214400,9.9553088502e+06
1339221600,7.9765049196e+06
1339228800,6.5977850586e+06
1339236000,3.8572923529e+06
1339243200,3.5634382887e+06
1339250400,2.0801827089e+07
1339257600,3.2601230974e+07
1339264800,1.7014722536e+07
1339272000,1.0164286655e+07
1339279200,8.3606125072e+06
1339286400,6.6906992246e+06
1339293600,1.7916186696e+07
1339300800,8.4625800721e+06
1339308000,1.1767278646e+07
1339315200,6.9724612873e+06
1339322400,4.8455342347e+06
1339329600,3.9957845806e+06
1339336800,9.0456993565e+06
1339344000,7.1997289494e+06
1339351200,4.8073628951e+06
1339358400,1.5903656705e+07
1339365600,1.5875664250e+07
1339372800,1.5698932858e+07
1339380000,1.2965053105e+07
1339387200,1.4511666644e+07
1339394400,2.8334198742e+06
1339401600,1.5676073158e+05
1339408800,2.2782254727e+07
1339416000,1.1065561710e+07
1339423200,5.2530393279e+07
1339430400,8.3987847951e+07
1339437600,7.4096837140e+07
1339444800,1.1037963151e+08
1339452000,6.9980136530e+07
1339459200,4.2964714816e+07
1339466400,1.3288900966e+07
1339473600,6.8674434791e+06
1339480800,2.9210061431e+06
1339488000,2.5309071800e+06
1339495200,3.0640090587e+06
1270425600,,
1270512000,,
1270598400,,
1270684800,,
1270771200,,
1270857600,,
1270944000,,
1271030400,,
1271116800,,
1271203200,,
1271289600,,
1271376000,,
1271462400,,
1271548800,,
1271635200,,
1271721600,,
1271808000,,
1271894400,,
1271980800,,
1272067200,,
1272153600,,
1272240000,,
1272326400,,
1272412800,,
1272499200,,
1272585600,,
1272672000,,
1272758400,,
1272844800,,
1272931200,,
1273017600,,
1273104000,,
1273190400,,
1273276800,,
1273363200,,
1273449600,,
1273536000,,
1273622400,,
1273708800,,
1273795200,,
1273881600,,
1273968000,,
1274054400,,
1274140800,,
1274227200,,
1274313600,,
1274400000,,
1274486400,,
1274572800,,
1274659200,,
1274745600,,
1274832000,,
1274918400,,
1275004800,,
1275091200,,
1275177600,,
1275264000,,
1275350400,,
1275436800,,
1275523200,,
1275609600,,
1275696000,,
1275782400,,
1275868800,,
1275955200,,
1276041600,,
1276128000,,
1276214400,,
1276300800,,
1276387200,,
1276473600,,
1276560000,,
1276646400,,
1276732800,,
1276819200,,
1276905600,,
1276992000,,
1277078400,,
1277164800,,
1277251200,,
1277337600,,
1277424000,,
1277510400,,
1277596800,,
1277683200,,
1277769600,,
1277856000,,
1277942400,,
1278028800,,
1278115200,,
1278201600,,
1278288000,,
1278374400,,
1278460800,,
1278547200,,
1278633600,,
1278720000,,
1278806400,,
1278892800,,
1278979200,,
1279065600,,
1279152000,,
1279238400,,
1279324800,,
1279411200,,
1279497600,,
1279584000,,
1279670400,,
1279756800,,
1279843200,,
1279929600,,
1280016000,,
1280102400,,
1280188800,,
1280275200,,
1280361600,,
1280448000,,
1280534400,,
1280620800,,
1280707200,,
1280793600,,
1280880000,,
1280966400,,
1281052800,,
1281139200,,
1281225600,,
1281312000,,
1281398400,,
1281484800,,
1281571200,,
1281657600,,
1281744000,,
1281830400,,
1281916800,,
1282003200,,
1282089600,,
1282176000,,
1282262400,,
1282348800,,
1282435200,,
1282521600,,
1282608000,,
1282694400,,
1282780800,,
1282867200,,
1282953600,,
1283040000,,
1283126400,,
1283212800,,
1283299200,,
1283385600,,
1283472000,,
1283558400,,
1283644800,,
1283731200,,
1283817600,,
1283904000,,
1283990400,,
1284076800,,
1284163200,,
1284249600,,
1284336000,,
1284422400,,
1284508800,,
1284595200,,
1284681600,,
1284768000,,
1284854400,,
1284940800,,
1285027200,,
1285113600,,
1285200000,,
1285286400,,
1285372800,,
1285459200,,
1285545600,,
1285632000,,
1285718400,,
1285804800,,
1285891200,,
1285977600,,
1286064000,,
1286150400,,
1286236800,,
1286323200,,
1286409600,,
1286496000,,
1286582400,,
1286668800,,
1286755200,,
1286841600,,
1286928000,,
1287014400,,
1287100800,,
1287187200,,
1287273600,,
1287360000,,
1287446400,,
1287532800,,
1287619200,,
1287705600,,
1287792000,,
1287878400,,
1287964800,,
1288051200,,
1288137600,,
1288224000,,
1288310400,,
1288396800,,
1288483200,,
1288569600,,
1288656000,,
1288742400,,
1288828800,,
1288915200,,
1289001600,,
1289088000,,
1289174400,,
1289260800,,
1289347200,,
1289433600,,
1289520000,,
1289606400,,
1289692800,,
1289779200,,
1289865600,,
1289952000,,
1290038400,,
1290124800,,
1290211200,,
1290297600,,
1290384000,,
1290470400,,
1290556800,,
1290643200,,
1290729600,,
1290816000,,
1290902400,,
1290988800,,
1291075200,,
1291161600,,
1291248000,,
1291334400,,
1291420800,,
1291507200,,
1291593600,,
1291680000,,
1291766400,,
1291852800,,
1291939200,,
1292025600,,
1292112000,,
1292198400,,
1292284800,,
1292371200,,
1292457600,,
1292544000,,
1292630400,,
1292716800,,
1292803200,,
1292889600,,
1292976000,,
1293062400,,
1293148800,,
1293235200,,
1293321600,,
1293408000,,
1293494400,,
1293580800,,
1293667200,,
1293753600,,
1293840000,,
1293926400,,
1294012800,,
1294099200,,
1294185600,,
1294272000,,
1294358400,,
1294444800,,
1294531200,,
1294617600,,
1294704000,,
1294790400,,
1294876800,,
1294963200,,
1295049600,,
1295136000,,
1295222400,,
1295308800,,
1295395200,,
1295481600,,
1295568000,,
1295654400,,
1295740800,,
1295827200,,
1295913600,,
1296000000,,
1296086400,,
1296172800,,
1296259200,,
1296345600,,
1296432000,,
1296518400,,
1296604800,,
1296691200,,
1296777600,,
1296864000,,
1296950400,,
1297036800,,
1297123200,,
1297209600,,
1297296000,,
1297382400,,
1297468800,,
1297555200,,
1297641600,,
1297728000,,
1297814400,,
1297900800,,
1297987200,,
1298073600,,
1298160000,,
1298246400,,
1298332800,,
1298419200,,
1298505600,,
1298592000,,
1298678400,,
1298764800,,
1298851200,,
1298937600,,
1299024000,,
1299110400,,
1299196800,,
1299283200,,
1299369600,,
1299456000,,
1299542400,,
1299628800,,
1299715200,,
1299801600,,
1299888000,,
1299974400,,
1300060800,,
1300147200,,
1300233600,,
1300320000,,
1300406400,,
1300492800,,
1300579200,,
1300665600,,
1300752000,,
1300838400,,
1300924800,,
1301011200,,
1301097600,,
1301184000,,
1301270400,,
1301356800,,
1301443200,,
1301529600,,
1301616000,,
1301702400,,
1301788800,,
1301875200,,
1301961600,,
1302048000,,
1302134400,,
1302220800,,
1302307200,,
1302393600,,
1302480000,,
1302566400,,
1302652800,,
1302739200,,
1302825600,,
1302912000,,
1302998400,,
1303084800,,
1303171200,,
1303257600,,
1303344000,,
1303430400,,
1303516800,,
1303603200,,
1303689600,,
1303776000,,
1303862400,,
1303948800,,
1304035200,,
1304121600,,
1304208000,,
1304294400,,
1304380800,,
1304467200,,
1304553600,,
1304640000,,
1304726400,,
1304812800,,
1304899200,,
1304985600,,
1305072000,,
1305158400,,
1305244800,,
1305331200,,
1305417600,,
1305504000,,
1305590400,,
1305676800,,
1305763200,,
1305849600,,
1305936000,,
1306022400,,
1306108800,,
1306195200,,
1306281600,,
1306368000,,
1306454400,,
1306540800,,
1306627200,,
1306713600,,
1306800000,,
1306886400,,
1306972800,,
1307059200,,
1307145600,,
1307232000,,
1307318400,,
1307404800,,
1307491200,,
1307577600,,
1307664000,,
1307750400,,
1307836800,,
1307923200,,
1308009600,,
1308096000,,
1308182400,,
1308268800,,
1308355200,,
1308441600,,
1308528000,,
1308614400,,
1308700800,,
1308787200,,
1308873600,,
1308960000,,
1309046400,,
1309132800,,
1309219200,,
1309305600,,
1309392000,,
1309478400,,
1309564800,,
1309651200,,
1309737600,,
1309824000,,
1309910400,,
1309996800,,
1310083200,,
1310169600,,
1310256000,,
1310342400,,
1310428800,,
1310515200,,
1310601600,,
1310688000,,
1310774400,,
1310860800,,
1310947200,,
1311033600,,
1311120000,,
1311206400,,
1311292800,,
1311379200,,
1311465600,,
1311552000,,
1311638400,,
1311724800,,
1311811200,,
1311897600,,
1311984000,,
1312070400,,
1312156800,,
1312243200,,
1312329600,,
1312416000,,
1312502400,,
1312588800,,
1312675200,,
1312761600,,
1312848000,,
1312934400,,
1313020800,,
1313107200,,
1313193600,,
1313280000,,
1313366400,,
1313452800,,
1313539200,,
1313625600,,
1313712000,,
1313798400,,
1313884800,,
1313971200,,
1314057600,,
1314144000,,
1314230400,,
1314316800,,
1314403200,,
1314489600,,
1314576000,,
1314662400,,
1314748800,,
1314835200,,
1314921600,,
1315008000,,
1315094400,,
1315180800,,
1315267200,,
1315353600,,
1315440000,,
1315526400,,
1315612800,,
1315699200,,
1315785600,,
1315872000,,
1315958400,,
1316044800,,
1316131200,,
1316217600,,
1316304000,,
1316390400,,
1316476800,,
1316563200,,
1316649600,,
1316736000,,
1316822400,,
1316908800,,
1316995200,,
1317081600,,
1317168000,,
1317254400,,
1317340800,,
1317427200,,
1317513600,,
1317600000,,
1317686400,,
1317772800,,
1317859200,,
1317945600,,
1318032000,,
1318118400,,
1318204800,,
1318291200,,
1318377600,,
1318464000,,
1318550400,,
1318636800,,
1318723200,,
1318809600,,
1318896000,,
1318982400,,
1319068800,,
1319155200,,
1319241600,,
1319328000,,
1319414400,,
1319500800,,
1319587200,,
1319673600,,
1319760000,,
1319846400,,
1319932800,,
1320019200,,
1320105600,,
1320192000,,
1320278400,,
1320364800,,
1320451200,,
1320537600,,
1320624000,,
1320710400,,
1320796800,,
1320883200,,
1320969600,,
1321056000,,
1321142400,,
1321228800,,
1321315200,,
1321401600,,
1321488000,,
1321574400,,
1321660800,,
1321747200,,
1321833600,,
1321920000,,
1322006400,,
1322092800,,
1322179200,,
1322265600,,
1322352000,,
1322438400,,
1322524800,,
1322611200,,
1322697600,,
1322784000,,
1322870400,,
1322956800,,
1323043200,,
1323129600,,
1323216000,,
1323302400,,
1323388800,,
1323475200,,
1323561600,,
1323648000,,
1323734400,,
1323820800,,
1323907200,,
1323993600,,
1324080000,,
1324166400,,
1324252800,,
1324339200,,
1324425600,,
1324512000,,
1324598400,,
1324684800,,
1324771200,,
1324857600,,
1324944000,,
1325030400,,
1325116800,,
1325203200,,
1325289600,,
1325376000,,
1325462400,,
1325548800,,
1325635200,,
1325721600,,
1325808000,,
1325894400,,
1325980800,,
1326067200,,
1326153600,,
1326240000,,
1326326400,,
1326412800,,
1326499200,,
1326585600,,
1326672000,,
1326758400,,
1326844800,,
1326931200,,
1327017600,,
1327104000,,
1327190400,,
1327276800,,
1327363200,,
1327449600,,
1327536000,,
1327622400,,
1327708800,,
1327795200,,
1327881600,,
1327968000,,
1328054400,,
1328140800,,
1328227200,3.1273165657e+07
1328313600,2.5396543142e+07
1328400000,1.4781970751e+07
1328486400,6.0824803414e+06
1328572800,3.5584002386e+07
1328659200,2.7875626799e+07
1328745600,2.9744926692e+07
1328832000,3.3994783690e+07
1328918400,4.7895912905e+07
1329004800,1.9595559793e+07
1329091200,4.6370505088e+06
1329177600,3.3312742372e+07
1329264000,3.7244488871e+07
1329350400,4.0646986789e+07
1329436800,4.4084470882e+07
1329523200,4.1026852140e+07
1329609600,9.1790224730e+06
1329696000,6.8839516475e+06
1329782400,3.9700648580e+07
1329868800,4.9490664011e+07
1329955200,3.4592920007e+07
1330041600,5.2773930192e+07
1330128000,5.1520974130e+07
1330214400,8.0586010390e+07
1330300800,3.1819211835e+07
1330387200,3.4979499596e+07
1330473600,5.3403869465e+07
1330560000,1.8131788327e+08
1330646400,5.8609663783e+07
1330732800,7.0414334105e+07
1330819200,3.6273468567e+07
1330905600,2.6653010662e+07
1330992000,5.1123806042e+07
1331078400,4.9448190296e+07
1331164800,5.2220604463e+07
1331251200,4.9084586689e+07
1331337600,4.4102066762e+07
1331424000,1.1398773449e+07
1331510400,1.5345029117e+07
1331596800,3.3034289588e+07
1331683200,3.5897226454e+07
1331769600,4.7494758989e+07
1331856000,2.9582253998e+07
1331942400,4.3670601636e+07
1332028800,2.5068094311e+07
1332115200,1.2350976688e+07
1332201600,5.1607188563e+07
1332288000,4.8665845985e+07
1332374400,4.8600287287e+07
1332460800,4.6023200660e+07
1332547200,6.0843102021e+07
1332633600,3.8275555184e+07
1332720000,4.5644584166e+07
1332806400,5.6217980385e+07
1332892800,4.7135310747e+07
1332979200,5.6155315567e+07
1333065600,3.8402778604e+07
1333152000,4.3809041549e+07
1333238400,1.4667128827e+07
1333324800,1.0936497918e+07
1333411200,4.2722968416e+07
1333497600,4.1424386737e+07
1333584000,4.2600630322e+07
1333670400,4.8035886007e+07
1333756800,1.2163274396e+07
1333843200,2.9613661961e+06
1333929600,4.1813939824e+06
1334016000,4.2019021653e+07
1334102400,3.9120874143e+07
1334188800,6.9720511721e+07
1334275200,4.4051587998e+07
1334361600,4.4793633847e+07
1334448000,1.3863519944e+07
1334534400,1.6773904807e+07
1334620800,3.8603357826e+07
1334707200,3.4064838071e+07
1334793600,5.9468471239e+07
1334880000,5.1808576953e+07
1334966400,5.1988288810e+07
1335052800,1.9979588892e+07
1335139200,1.6417997498e+07
1335225600,4.1806936867e+07
1335312000,6.0314845869e+07
1335398400,5.0008288855e+07
1335484800,5.2932449629e+07
1335571200,5.3810742063e+07
1335657600,1.4849057924e+07
1335744000,1.6721950165e+07
1335830400,3.8914718067e+07
1335916800,6.1134510401e+07
1336003200,5.7434504292e+07
1336089600,5.7055030340e+07
1336176000,5.2924252477e+07
1336262400,1.5949527175e+07
1336348800,7.3761099947e+06
1336435200,3.9271134376e+07
1336521600,3.8936337552e+07
1336608000,4.1988844778e+07
1336694400,3.9058973135e+07
1336780800,4.1839251179e+07
1336867200,2.5576326729e+07
1336953600,2.4061862787e+07
1337040000,4.2521254064e+07
1337126400,4.6183326282e+07
1337212800,4.8613028345e+07
1337299200,5.1642690874e+07
1337385600,5.9739378973e+07
1337472000,4.7298840373e+07
1337558400,1.8713163636e+07
1337644800,4.3549908021e+07
1337731200,4.1171038958e+07
1337817600,4.1073305764e+07
1337904000,3.4433933204e+07
1337990400,4.7037946680e+07
1338076800,1.6810781068e+07
1338163200,6.2007372615e+06
1338249600,5.2501471316e+06
1338336000,4.8234000982e+07
1338422400,6.0439928418e+07
1338508800,6.4545356562e+07
1338595200,8.3113474148e+07
1338681600,1.2880693552e+07
1338768000,8.2488259163e+06
1338854400,4.6290346572e+07
1338940800,5.8523655723e+07
1339027200,3.6103063750e+07
1339113600,2.7909885876e+07
1339200000,4.1027139262e+07
1339286400,1.2631383222e+07
1339372800,1.0207572544e+07
1339459200,4.1956604878e+07
